Row_by_Pixel,Uncorroded_Depth_by_Pixel,Thickness_by_Pixel,x_left_edge,x_right_edge,Corrosion_Depth_Ratio
0,0,0,0,0,NaN
1,0,275,147,421,0.000
2,274,275,147,421,0.004
3,274,275,147,421,0.004
4,0,275,147,421,0.000
5,0,275,147,421,0.000
6,0,275,147,421,0.000
7,0,274,147,420,0.000
8,273,274,147,420,0.004
9,272,274,147,420,0.007
10,272,274,147,420,0.007
11,272,274,147,420,0.007
12,272,274,147,420,0.007
13,272,274,147,420,0.007
14,272,274,147,420,0.007
15,272,274,147,420,0.007
16,272,274,147,420,0.007
17,272,273,147,419,0.004
18,272,273,147,419,0.004
19,0,273,147,419,0.000
20,0,273,147,419,0.000
21,0,273,147,419,0.000
22,0,273,147,419,0.000
23,0,272,148,419,0.000
24,0,272,148,419,0.000
25,0,272,148,419,0.000
26,0,271,148,418,0.000
27,0,271,148,418,0.000
28,0,271,148,418,0.000
29,0,271,148,418,0.000
30,0,271,148,418,0.000
31,0,271,148,418,0.000
32,0,271,148,418,0.000
33,0,271,148,418,0.000
34,0,271,148,418,0.000
35,0,270,148,417,0.000
36,0,270,148,417,0.000
37,0,270,148,417,0.000
38,0,270,148,417,0.000
39,0,270,148,417,0.000
40,0,270,148,417,0.000
41,0,270,148,417,0.000
42,0,270,148,417,0.000
43,0,270,148,417,0.000
44,0,269,148,416,0.000
45,0,269,148,416,0.000
46,0,269,148,416,0.000
47,0,269,148,416,0.000
48,0,269,148,416,0.000
49,0,269,148,416,0.000
50,0,270,148,417,0.000
51,0,270,148,417,0.000
52,0,270,148,417,0.000
53,0,270,148,417,0.000
54,0,271,148,418,0.000
55,0,271,148,418,0.000
56,0,271,148,418,0.000
57,0,271,148,418,0.000
58,0,271,148,418,0.000
59,0,272,148,419,0.000
60,0,272,148,419,0.000
61,0,272,148,419,0.000
62,0,272,148,419,0.000
63,0,272,148,419,0.000
64,0,272,148,419,0.000
65,0,271,148,418,0.000
66,0,271,148,418,0.000
67,0,270,149,418,0.000
68,0,270,149,418,0.000
69,0,270,149,418,0.000
70,0,270,149,418,0.000
71,0,270,149,418,0.000
72,0,269,149,417,0.000
73,0,269,149,417,0.000
74,0,269,149,417,0.000
75,0,269,149,417,0.000
76,0,269,149,417,0.000
77,257,269,149,417,0.045
78,262,269,149,417,0.026
79,261,269,149,417,0.030
80,261,268,149,416,0.026
81,262,268,149,416,0.022
82,262,268,149,416,0.022
83,263,268,149,416,0.019
84,264,268,149,416,0.015
85,265,268,149,416,0.011
86,0,268,149,416,0.000
87,0,268,149,416,0.000
88,0,267,149,415,0.000
89,0,267,149,415,0.000
90,0,267,149,415,0.000
91,0,267,149,415,0.000
92,0,267,149,415,0.000
93,0,267,149,415,0.000
94,0,267,149,415,0.000
95,0,266,149,414,0.000
96,0,266,149,414,0.000
97,263,266,149,414,0.011
98,262,266,149,414,0.015
99,262,266,149,414,0.015
100,262,266,149,414,0.015
101,262,266,149,414,0.015
102,262,266,149,414,0.015
103,262,265,149,413,0.011
104,262,265,149,413,0.011
105,0,265,149,413,0.000
106,0,265,149,413,0.000
107,263,265,149,413,0.008
108,263,265,149,413,0.008
109,0,265,149,413,0.000
110,0,264,149,412,0.000
111,262,264,149,412,0.008
112,261,263,150,412,0.008
113,0,263,150,412,0.000
114,259,263,150,412,0.015
115,0,263,150,412,0.000
116,0,263,150,412,0.000
117,0,263,150,412,0.000
118,0,263,150,412,0.000
119,0,263,150,412,0.000
120,0,263,150,412,0.000
121,0,263,150,412,0.000
122,0,262,150,411,0.000
123,0,262,150,411,0.000
124,0,262,150,411,0.000
125,0,262,150,411,0.000
126,0,262,150,411,0.000
127,0,262,150,411,0.000
128,0,262,150,411,0.000
129,0,262,150,411,0.000
130,0,262,150,411,0.000
131,0,262,150,411,0.000
132,0,262,150,411,0.000
133,0,262,150,411,0.000
134,0,262,150,411,0.000
135,0,262,150,411,0.000
136,0,262,150,411,0.000
137,0,262,150,411,0.000
138,0,261,150,410,0.000
139,0,261,150,410,0.000
140,0,261,150,410,0.000
141,0,261,150,410,0.000
142,0,261,150,410,0.000
143,0,261,150,410,0.000
144,0,261,150,410,0.000
145,0,261,150,410,0.000
146,0,261,150,410,0.000
147,0,261,150,410,0.000
148,0,261,150,410,0.000
149,0,261,150,410,0.000
150,0,261,150,410,0.000
151,0,261,150,410,0.000
152,0,261,150,410,0.000
153,0,260,150,409,0.000
154,0,260,150,409,0.000
155,0,260,150,409,0.000
156,0,259,151,409,0.000
157,0,259,151,409,0.000
158,0,259,151,409,0.000
159,0,259,151,409,0.000
160,0,259,151,409,0.000
161,0,259,151,409,0.000
162,0,259,151,409,0.000
163,0,259,151,409,0.000
164,0,259,151,409,0.000
165,0,259,151,409,0.000
166,0,259,151,409,0.000
167,0,259,151,409,0.000
168,0,259,151,409,0.000
169,0,259,151,409,0.000
170,0,259,151,409,0.000
171,0,260,151,410,0.000
172,0,260,151,410,0.000
173,0,260,151,410,0.000
174,0,260,151,410,0.000
175,0,260,151,410,0.000
176,0,260,151,410,0.000
177,0,260,151,410,0.000
178,0,260,151,410,0.000
179,0,260,151,410,0.000
180,0,260,151,410,0.000
181,0,260,151,410,0.000
182,0,260,151,410,0.000
183,0,260,151,410,0.000
184,258,260,151,410,0.008
185,258,260,151,410,0.008
186,257,260,151,410,0.012
187,248,260,151,410,0.046
188,248,260,151,410,0.046
189,248,260,151,410,0.046
190,258,261,151,411,0.011
191,258,261,151,411,0.011
192,258,261,151,411,0.011
193,257,261,151,411,0.015
194,257,261,151,411,0.015
195,257,261,151,411,0.015
196,258,261,151,411,0.011
197,259,261,151,411,0.008
198,259,261,151,411,0.008
199,259,261,151,411,0.008
200,258,260,152,411,0.008
201,257,260,152,411,0.012
202,258,260,152,411,0.008
203,0,260,152,411,0.000
204,0,260,152,411,0.000
205,0,260,152,411,0.000
206,0,260,152,411,0.000
207,0,260,152,411,0.000
208,0,260,152,411,0.000
209,0,261,152,412,0.000
210,0,261,152,412,0.000
211,258,261,152,412,0.011
212,258,261,152,412,0.011
213,258,261,152,412,0.011
214,258,261,152,412,0.011
215,258,261,152,412,0.011
216,259,261,152,412,0.008
217,259,261,152,412,0.008
218,259,261,152,412,0.008
219,259,261,152,412,0.008
220,259,261,152,412,0.008
221,259,261,152,412,0.008
222,259,261,152,412,0.008
223,259,261,152,412,0.008
224,259,261,152,412,0.008
225,0,261,152,412,0.000
226,259,261,152,412,0.008
227,0,261,152,412,0.000
228,259,261,152,412,0.008
229,259,262,152,413,0.011
230,259,262,152,413,0.011
231,259,262,152,413,0.011
232,259,262,152,413,0.011
233,259,262,152,413,0.011
234,0,262,152,413,0.000
235,0,262,152,413,0.000
236,260,262,152,413,0.008
237,260,262,152,413,0.008
238,260,262,152,413,0.008
239,0,262,152,413,0.000
240,0,262,152,413,0.000
241,0,262,152,413,0.000
242,260,262,152,413,0.008
243,260,262,152,413,0.008
244,260,262,152,413,0.008
245,260,261,153,413,0.004
246,0,261,153,413,0.000
247,0,261,153,413,0.000
248,0,262,153,414,0.000
249,0,262,153,414,0.000
250,0,262,153,414,0.000
251,0,262,153,414,0.000
252,0,262,153,414,0.000
253,260,262,153,414,0.008
254,260,262,153,414,0.008
255,259,262,153,414,0.011
256,259,262,153,414,0.011
257,259,262,153,414,0.011
258,259,262,153,414,0.011
259,260,262,153,414,0.008
260,260,262,153,414,0.008
261,260,262,153,414,0.008
262,261,262,153,414,0.004
263,261,262,153,414,0.004
264,0,262,153,414,0.000
265,0,262,153,414,0.000
266,260,262,153,414,0.008
267,259,263,153,415,0.015
268,258,263,153,415,0.019
269,258,263,153,415,0.019
270,259,263,153,415,0.015
271,260,263,153,415,0.011
272,260,263,153,415,0.011
273,261,263,153,415,0.008
274,262,263,153,415,0.004
275,262,263,153,415,0.004
276,0,263,153,415,0.000
277,0,263,153,415,0.000
278,0,263,153,415,0.000
279,0,263,153,415,0.000
280,0,263,153,415,0.000
281,261,263,153,415,0.008
282,260,263,153,415,0.011
283,260,263,153,415,0.011
284,260,263,153,415,0.011
285,260,263,153,415,0.011
286,261,263,153,415,0.008
287,261,263,153,415,0.008
288,257,263,153,415,0.023
289,256,262,154,415,0.023
290,260,262,154,415,0.008
291,261,262,154,415,0.004
292,261,262,154,415,0.004
293,0,262,154,415,0.000
294,0,262,154,415,0.000
295,0,262,154,415,0.000
296,260,262,154,415,0.008
297,260,262,154,415,0.008
298,0,262,154,415,0.000
299,0,262,154,415,0.000
300,0,262,154,415,0.000
301,0,262,154,415,0.000
302,0,262,154,415,0.000
303,0,262,154,415,0.000
304,260,262,154,415,0.008
305,259,262,154,415,0.011
306,259,262,154,415,0.011
307,259,262,154,415,0.011
308,259,262,154,415,0.011
309,258,262,154,415,0.015
310,253,262,154,415,0.034
311,258,262,154,415,0.015
312,258,262,154,415,0.015
313,258,262,154,415,0.015
314,258,262,154,415,0.015
315,258,262,154,415,0.015
316,258,262,154,415,0.015
317,258,262,154,415,0.015
318,259,262,154,415,0.011
319,260,263,153,415,0.011
320,260,263,153,415,0.011
321,261,263,153,415,0.008
322,261,263,153,415,0.008
323,261,263,153,415,0.008
324,261,263,153,415,0.008
325,261,263,153,415,0.008
326,262,263,153,415,0.004
327,262,263,153,415,0.004
328,262,263,153,415,0.004
329,0,263,153,415,0.000
330,0,263,153,415,0.000
331,0,263,153,415,0.000
332,253,263,153,415,0.038
333,252,263,153,415,0.042
334,252,263,153,415,0.042
335,253,263,153,415,0.038
336,261,264,152,415,0.011
337,260,264,152,415,0.015
338,260,264,152,415,0.015
339,256,264,152,415,0.030
340,255,264,152,415,0.034
341,255,264,152,415,0.034
342,250,264,152,415,0.053
343,249,263,152,414,0.053
344,249,263,152,414,0.053
345,249,263,152,414,0.053
346,260,263,152,414,0.011
347,248,263,152,414,0.057
348,258,263,152,414,0.019
349,257,263,152,414,0.023
350,255,263,152,414,0.030
351,254,263,152,414,0.034
352,254,264,151,414,0.038
353,254,264,151,414,0.038
354,254,264,151,414,0.038
355,254,264,151,414,0.038
356,255,264,151,414,0.034
357,259,264,151,414,0.019
358,263,264,151,414,0.004
359,263,264,151,414,0.004
360,0,264,151,414,0.000
361,0,264,151,414,0.000
362,0,264,151,414,0.000
363,0,264,151,414,0.000
364,0,264,151,414,0.000
365,0,264,151,414,0.000
366,263,264,151,414,0.004
367,263,264,151,414,0.004
368,263,264,151,414,0.004
369,261,265,150,414,0.015
370,261,265,150,414,0.015
371,261,265,150,414,0.015
372,261,265,150,414,0.015
373,262,265,150,414,0.011
374,262,265,150,414,0.011
375,263,265,150,414,0.008
376,0,265,150,414,0.000
377,0,265,150,414,0.000
378,249,265,150,414,0.060
379,246,265,150,414,0.072
380,243,265,150,414,0.083
381,242,265,150,414,0.087
382,242,265,150,414,0.087
383,242,265,150,414,0.087
384,242,265,150,414,0.087
385,242,266,149,414,0.090
386,242,266,149,414,0.090
387,241,266,149,414,0.094
388,242,266,149,414,0.090
389,242,266,149,414,0.090
390,243,266,149,414,0.086
391,265,266,149,414,0.004
392,265,266,149,414,0.004
393,264,266,149,414,0.008
394,265,266,149,414,0.004
395,265,266,149,414,0.004
396,0,266,149,414,0.000
397,0,266,149,414,0.000
398,0,266,149,414,0.000
399,0,266,149,414,0.000
400,0,266,149,414,0.000
401,265,266,149,414,0.004
402,266,267,148,414,0.004
403,0,267,148,414,0.000
404,0,267,148,414,0.000
405,0,267,148,414,0.000
406,0,267,148,414,0.000
407,0,267,148,414,0.000
408,0,267,148,414,0.000
409,0,267,148,414,0.000
410,0,267,148,414,0.000
411,0,267,148,414,0.000
412,0,268,148,415,0.000
413,0,268,148,415,0.000
414,0,268,148,415,0.000
415,0,268,148,415,0.000
416,0,268,148,415,0.000
417,0,268,148,415,0.000
418,0,269,147,415,0.000
419,0,269,147,415,0.000
420,0,269,147,415,0.000
421,0,270,147,416,0.000
422,0,270,147,416,0.000
423,0,270,147,416,0.000
424,268,270,147,416,0.007
425,0,270,147,416,0.000
426,0,270,147,416,0.000
427,0,270,147,416,0.000
428,0,270,147,416,0.000
429,0,270,147,416,0.000
430,0,271,147,417,0.000
431,0,271,147,417,0.000
432,0,271,147,417,0.000
433,0,271,147,417,0.000
434,0,271,147,417,0.000
435,0,272,146,417,0.000
436,0,272,146,417,0.000
437,0,272,146,417,0.000
438,0,272,146,417,0.000
439,0,273,146,418,0.000
440,0,273,146,418,0.000
441,0,273,146,418,0.000
442,0,273,146,418,0.000
443,0,273,146,418,0.000
444,0,273,146,418,0.000
445,271,273,146,418,0.007
446,270,272,147,418,0.007
447,0,272,147,418,0.000
448,0,272,147,418,0.000
449,0,273,147,419,0.000
450,0,273,147,419,0.000
451,0,273,147,419,0.000
452,0,273,147,419,0.000
453,0,272,148,419,0.000
454,0,272,148,419,0.000
455,0,272,148,419,0.000
456,0,272,148,419,0.000
457,0,272,148,419,0.000
458,0,272,148,419,0.000
459,269,272,149,420,0.011
460,269,272,149,420,0.011
461,0,272,149,420,0.000
462,0,272,149,420,0.000
463,0,272,149,420,0.000
464,0,272,149,420,0.000
465,267,271,150,420,0.015
466,267,271,150,420,0.015
467,266,271,150,420,0.018
468,265,271,150,420,0.022
469,264,272,150,421,0.029
470,265,272,150,421,0.026
471,0,272,150,421,0.000
472,0,271,151,421,0.000
473,0,271,151,421,0.000
474,0,271,151,421,0.000
475,0,271,151,421,0.000
476,0,271,151,421,0.000
477,0,271,151,421,0.000
478,0,270,152,421,0.000
479,0,270,152,421,0.000
480,0,271,152,422,0.000
481,0,271,152,422,0.000
482,0,271,152,422,0.000
483,0,271,152,422,0.000
484,0,271,152,422,0.000
485,0,270,153,422,0.000
486,0,270,153,422,0.000
487,0,270,153,422,0.000
488,0,270,153,422,0.000
489,0,270,153,422,0.000
490,0,271,153,423,0.000
491,0,270,154,423,0.000
492,0,270,154,423,0.000
493,0,270,154,423,0.000
494,0,270,154,423,0.000
495,268,270,154,423,0.007
496,268,270,154,423,0.007
497,266,269,155,423,0.011
498,266,268,155,422,0.007
499,266,268,155,422,0.007
500,266,268,155,422,0.007
501,266,268,155,422,0.007
502,266,268,155,422,0.007
503,0,267,155,421,0.000
504,0,266,156,421,0.000
505,0,266,156,421,0.000
506,0,266,156,421,0.000
507,0,266,156,421,0.000
508,0,265,156,420,0.000
509,0,265,156,420,0.000
510,0,264,157,420,0.000
511,0,264,157,420,0.000
512,0,264,157,420,0.000
513,0,263,157,419,0.000
514,0,263,157,419,0.000
515,0,263,157,419,0.000
516,0,263,157,419,0.000
517,0,262,158,419,0.000
518,260,262,158,419,0.008
519,0,262,158,419,0.000
520,259,262,158,419,0.011
521,259,262,158,419,0.011
522,259,262,158,419,0.011
523,258,261,159,419,0.011
524,259,261,159,419,0.008
525,0,261,159,419,0.000
526,0,261,159,419,0.000
527,0,261,159,419,0.000
528,0,261,159,419,0.000
529,0,260,160,419,0.000
530,0,260,160,419,0.000
531,0,260,160,419,0.000
532,0,260,160,419,0.000
533,0,260,160,419,0.000
534,0,260,160,419,0.000
535,0,260,160,419,0.000
536,0,259,161,419,0.000
537,0,259,161,419,0.000
538,0,259,161,419,0.000
539,0,259,161,419,0.000
540,0,259,161,419,0.000
541,0,259,161,419,0.000
542,0,259,161,419,0.000
543,0,259,161,419,0.000
544,0,259,161,419,0.000
545,0,259,161,419,0.000
546,0,259,161,419,0.000
547,0,259,161,419,0.000
548,0,259,161,419,0.000
549,0,259,161,419,0.000
550,0,259,161,419,0.000
551,0,259,161,419,0.000
552,0,259,161,419,0.000
553,0,259,161,419,0.000
554,0,260,160,419,0.000
555,0,260,160,419,0.000
556,0,260,160,419,0.000
557,0,260,160,419,0.000
558,0,260,160,419,0.000
559,0,259,160,418,0.000
560,0,259,160,418,0.000
561,0,259,160,418,0.000
562,0,259,160,418,0.000
563,0,259,160,418,0.000
564,0,259,160,418,0.000
565,0,259,160,418,0.000
566,0,259,160,418,0.000
567,0,259,160,418,0.000
568,0,259,160,418,0.000
569,0,259,160,418,0.000
570,0,259,160,418,0.000
571,0,259,160,418,0.000
572,0,259,160,418,0.000
573,0,259,160,418,0.000
574,0,259,160,418,0.000
575,0,259,160,418,0.000
576,0,259,160,418,0.000
577,0,259,160,418,0.000
578,0,259,160,418,0.000
579,0,259,160,418,0.000
580,0,259,160,418,0.000
581,0,259,160,418,0.000
582,0,259,160,418,0.000
583,0,260,159,418,0.000
584,0,260,159,418,0.000
585,0,260,159,418,0.000
586,0,260,159,418,0.000
587,0,260,159,418,0.000
588,0,260,159,418,0.000
589,0,260,159,418,0.000
590,0,260,159,418,0.000
591,0,260,159,418,0.000
592,0,260,159,418,0.000
593,0,260,159,418,0.000
594,0,260,159,418,0.000
595,0,260,159,418,0.000
596,0,260,159,418,0.000
597,0,260,159,418,0.000
598,0,259,159,417,0.000
599,0,259,159,417,0.000
600,0,259,159,417,0.000
601,0,259,159,417,0.000
602,0,259,159,417,0.000
603,0,259,159,417,0.000
604,0,259,159,417,0.000
605,0,259,159,417,0.000
606,0,259,159,417,0.000
607,0,259,159,417,0.000
608,0,259,159,417,0.000
609,0,259,159,417,0.000
610,0,259,159,417,0.000
611,0,259,159,417,0.000
612,0,260,158,417,0.000
613,0,260,158,417,0.000
614,0,260,158,417,0.000
615,0,260,158,417,0.000
616,0,260,158,417,0.000
617,0,260,158,417,0.000
618,0,260,158,417,0.000
619,0,260,158,417,0.000
620,0,260,158,417,0.000
621,0,260,158,417,0.000
622,0,260,158,417,0.000
623,0,260,158,417,0.000
624,0,260,158,417,0.000
625,0,260,158,417,0.000
626,0,260,158,417,0.000
627,0,260,158,417,0.000
628,0,260,158,417,0.000
629,0,260,158,417,0.000
630,0,260,158,417,0.000
631,0,260,158,417,0.000
632,0,260,158,417,0.000
633,0,260,158,417,0.000
634,0,260,158,417,0.000
635,0,260,158,417,0.000
636,0,260,158,417,0.000
637,0,260,158,417,0.000
638,0,259,158,416,0.000
639,0,259,158,416,0.000
640,0,259,158,416,0.000
641,0,260,157,416,0.000
642,0,260,157,416,0.000
643,0,260,157,416,0.000
644,0,260,157,416,0.000
645,0,260,157,416,0.000
646,0,260,157,416,0.000
647,0,260,157,416,0.000
648,0,260,157,416,0.000
649,0,260,157,416,0.000
650,0,260,157,416,0.000
651,0,260,157,416,0.000
652,0,260,157,416,0.000
653,0,260,157,416,0.000
654,0,260,157,416,0.000
655,0,260,157,416,0.000
656,0,260,157,416,0.000
657,0,260,157,416,0.000
658,0,260,157,416,0.000
659,0,260,157,416,0.000
660,0,260,157,416,0.000
661,0,260,157,416,0.000
662,0,260,157,416,0.000
663,0,260,157,416,0.000
664,0,260,157,416,0.000
665,0,260,157,416,0.000
666,0,260,157,416,0.000
667,0,260,157,416,0.000
668,0,260,157,416,0.000
669,0,260,157,416,0.000
670,0,261,156,416,0.000
671,0,261,156,416,0.000
672,0,261,156,416,0.000
673,0,261,156,416,0.000
674,0,261,156,416,0.000
675,0,261,156,416,0.000
676,0,261,156,416,0.000
677,0,260,156,415,0.000
678,0,260,156,415,0.000
679,0,260,156,415,0.000
680,0,260,156,415,0.000
681,0,260,156,415,0.000
682,0,260,156,415,0.000
683,0,260,156,415,0.000
684,0,260,156,415,0.000
685,0,260,156,415,0.000
686,0,260,156,415,0.000
687,0,260,156,415,0.000
688,0,260,156,415,0.000
689,0,260,156,415,0.000
690,0,260,156,415,0.000
691,0,260,156,415,0.000
692,0,260,156,415,0.000
693,0,260,156,415,0.000
694,0,260,156,415,0.000
695,0,260,156,415,0.000
696,254,260,156,415,0.023
697,254,260,156,415,0.023
698,0,260,156,415,0.000
699,0,261,155,415,0.000
700,0,261,155,415,0.000
701,0,261,155,415,0.000
702,0,261,155,415,0.000
703,0,261,155,415,0.000
704,260,261,155,415,0.004
705,260,261,155,415,0.004
706,260,261,155,415,0.004
707,260,261,155,415,0.004
708,260,262,155,416,0.008
709,260,262,155,416,0.008
710,260,262,155,416,0.008
711,260,262,155,416,0.008
712,260,262,155,416,0.008
713,261,262,155,416,0.004
714,261,262,155,416,0.004
715,0,262,155,416,0.000
716,0,262,155,416,0.000
717,261,262,155,416,0.004
718,0,262,155,416,0.000
719,0,261,156,416,0.000
720,0,261,156,416,0.000
721,0,261,156,416,0.000
722,0,261,156,416,0.000
723,0,261,156,416,0.000
724,0,261,156,416,0.000
725,0,261,156,416,0.000
726,0,261,156,416,0.000
727,0,261,156,416,0.000
728,260,261,156,416,0.004
729,260,261,156,416,0.004
730,260,261,156,416,0.004
731,259,261,157,417,0.008
732,259,261,157,417,0.008
733,259,261,157,417,0.008
734,259,261,157,417,0.008
735,259,261,157,417,0.008
736,259,261,157,417,0.008
737,259,261,157,417,0.008
738,259,261,157,417,0.008
739,0,261,157,417,0.000
740,0,261,157,417,0.000
741,0,261,157,417,0.000
742,259,261,157,417,0.008
743,258,260,158,417,0.008
744,257,260,158,417,0.012
745,257,260,158,417,0.012
746,256,260,158,417,0.015
747,256,260,158,417,0.015
748,256,260,158,417,0.015
749,256,260,158,417,0.015
750,256,260,158,417,0.015
751,256,260,158,417,0.015
752,257,260,158,417,0.012
753,0,260,158,417,0.000
754,258,261,158,418,0.011
755,257,261,158,418,0.015
756,256,260,159,418,0.015
757,255,260,159,418,0.019
758,255,260,159,418,0.019
759,256,260,159,418,0.015
760,256,260,159,418,0.015
761,257,260,159,418,0.012
762,258,260,159,418,0.008
763,0,260,159,418,0.000
764,0,260,159,418,0.000
765,0,260,159,418,0.000
766,257,260,159,418,0.012
767,257,260,159,418,0.012
768,256,259,160,418,0.012
769,257,259,160,418,0.008
770,257,259,160,418,0.008
771,257,259,160,418,0.008
772,257,259,160,418,0.008
773,258,259,160,418,0.004
774,258,259,160,418,0.004
775,258,259,160,418,0.004
776,258,259,160,418,0.004
777,256,260,160,419,0.015
778,255,260,160,419,0.019
779,254,260,160,419,0.023
780,253,259,161,419,0.023
781,253,259,161,419,0.023
782,254,259,161,419,0.019
783,0,259,161,419,0.000
784,0,259,161,419,0.000
785,252,259,161,419,0.027
786,252,259,161,419,0.027
787,252,259,161,419,0.027
788,251,259,161,419,0.031
789,251,259,161,419,0.031
790,252,259,161,419,0.027
791,252,259,161,419,0.027
792,252,259,161,419,0.027
793,253,259,161,419,0.023
794,254,259,161,419,0.019
795,0,259,161,419,0.000
796,0,259,161,419,0.000
797,0,259,161,419,0.000
798,257,259,161,419,0.008
799,257,259,161,419,0.008
800,256,260,161,420,0.015
801,256,260,161,420,0.015
802,256,260,161,420,0.015
803,256,260,161,420,0.015
804,256,260,161,420,0.015
805,256,260,161,420,0.015
806,256,260,161,420,0.015
807,256,260,161,420,0.015
808,257,260,161,420,0.012
809,0,260,161,420,0.000
810,0,260,161,420,0.000
811,0,260,161,420,0.000
812,0,260,161,420,0.000
813,0,261,160,420,0.000
814,0,261,160,420,0.000
815,0,261,160,420,0.000
816,0,261,160,420,0.000
817,0,261,160,420,0.000
818,0,261,160,420,0.000
819,0,261,160,420,0.000
820,0,261,160,420,0.000
821,0,261,160,420,0.000
822,0,261,160,420,0.000
823,0,262,160,421,0.000
824,0,262,160,421,0.000
825,260,262,160,421,0.008
826,260,262,160,421,0.008
827,260,262,160,421,0.008
828,260,262,160,421,0.008
829,0,262,160,421,0.000
830,0,262,160,421,0.000
831,0,262,160,421,0.000
832,0,262,160,421,0.000
833,0,262,160,421,0.000
834,0,262,160,421,0.000
835,0,262,160,421,0.000
836,261,262,160,421,0.004
837,261,262,160,421,0.004
838,261,262,160,421,0.004
839,0,262,160,421,0.000
840,0,262,160,421,0.000
841,0,262,160,421,0.000
842,0,262,160,421,0.000
843,261,262,160,421,0.004
844,261,262,160,421,0.004
845,261,263,160,422,0.008
846,0,263,160,422,0.000
847,0,263,160,422,0.000
848,0,263,160,422,0.000
849,0,263,160,422,0.000
850,0,263,160,422,0.000
851,0,263,160,422,0.000
852,0,263,160,422,0.000
853,0,263,160,422,0.000
854,0,263,160,422,0.000
855,0,263,160,422,0.000
856,0,263,160,422,0.000
857,0,263,160,422,0.000
858,0,263,160,422,0.000
859,0,263,160,422,0.000
860,0,263,160,422,0.000
861,0,263,160,422,0.000
862,0,263,160,422,0.000
863,0,263,160,422,0.000
864,0,263,160,422,0.000
865,0,263,160,422,0.000
866,0,264,159,422,0.000
867,0,264,159,422,0.000
868,0,265,159,423,0.000
869,0,265,159,423,0.000
870,0,265,159,423,0.000
871,0,265,159,423,0.000
872,0,265,159,423,0.000
873,0,265,159,423,0.000
874,0,265,159,423,0.000
875,0,265,159,423,0.000
876,0,265,159,423,0.000
877,0,265,159,423,0.000
878,0,265,159,423,0.000
879,264,265,159,423,0.004
880,263,265,159,423,0.008
881,263,265,159,423,0.008
882,263,265,159,423,0.008
883,263,265,159,423,0.008
884,263,264,159,422,0.004
885,0,264,159,422,0.000
886,0,264,159,422,0.000
887,0,264,159,422,0.000
888,263,264,159,422,0.004
889,0,264,159,422,0.000
890,0,264,159,422,0.000
891,0,264,159,422,0.000
892,0,263,159,421,0.000
893,0,263,159,421,0.000
894,0,263,159,421,0.000
895,0,263,159,421,0.000
896,0,263,159,421,0.000
897,0,263,159,421,0.000
898,0,263,159,421,0.000
899,0,263,159,421,0.000
900,0,262,159,420,0.000
901,0,262,159,420,0.000
902,0,262,159,420,0.000
903,0,262,159,420,0.000
904,0,262,159,420,0.000
905,0,262,159,420,0.000
906,0,262,159,420,0.000
907,0,262,159,420,0.000
908,0,261,159,419,0.000
909,260,261,159,419,0.004
910,260,261,159,419,0.004
911,0,261,159,419,0.000
912,252,261,159,419,0.034
913,252,261,159,419,0.034
914,252,262,159,420,0.038
915,0,262,159,420,0.000
916,0,262,159,420,0.000
917,0,262,159,420,0.000
918,224,262,159,420,0.145
919,222,263,159,421,0.156
920,262,264,158,421,0.008
921,262,264,158,421,0.008
922,263,264,158,421,0.004
923,0,264,158,421,0.000
924,0,265,158,422,0.000
925,264,265,158,422,0.004
926,264,265,158,422,0.004
927,263,265,158,422,0.008
928,239,265,158,422,0.098
929,239,265,158,422,0.098
930,239,265,158,422,0.098
931,239,264,158,421,0.095
932,240,264,158,421,0.091
933,241,264,158,421,0.087
934,261,264,158,421,0.011
935,261,264,158,421,0.011
936,261,264,158,421,0.011
937,261,264,158,421,0.011
938,261,264,158,421,0.011
939,261,264,158,421,0.011
940,259,263,158,420,0.015
941,262,263,158,420,0.004
942,261,263,158,420,0.008
943,261,263,158,420,0.008
944,262,263,158,420,0.004
945,0,263,158,420,0.000
946,0,263,158,420,0.000
947,0,263,158,420,0.000
948,0,263,158,420,0.000
949,0,263,158,420,0.000
950,0,262,158,419,0.000
951,0,262,158,419,0.000
952,0,262,158,419,0.000
953,0,262,158,419,0.000
954,0,262,158,419,0.000
955,0,262,158,419,0.000
956,0,262,158,419,0.000
957,0,262,158,419,0.000
958,0,262,158,419,0.000
959,0,261,158,418,0.000
960,0,261,158,418,0.000
961,0,261,158,418,0.000
962,0,261,158,418,0.000
963,0,261,158,418,0.000
964,0,261,158,418,0.000
965,0,261,158,418,0.000
966,0,261,158,418,0.000
967,0,261,158,418,0.000
968,0,260,158,417,0.000
969,0,260,158,417,0.000
970,0,260,158,417,0.000
971,0,260,158,417,0.000
972,0,260,158,417,0.000
973,0,261,157,417,0.000
974,0,261,157,417,0.000
975,0,261,157,417,0.000
976,0,261,157,417,0.000
977,0,261,157,417,0.000
978,0,260,157,416,0.000
979,0,260,157,416,0.000
980,0,260,157,416,0.000
981,0,260,157,416,0.000
982,0,260,157,416,0.000
983,0,260,157,416,0.000
984,0,260,157,416,0.000
985,0,260,157,416,0.000
986,0,260,157,416,0.000
987,0,259,157,415,0.000
988,0,259,157,415,0.000
989,0,259,157,415,0.000
990,0,259,157,415,0.000
991,0,259,157,415,0.000
992,0,259,157,415,0.000
993,0,259,157,415,0.000
994,0,259,157,415,0.000
995,0,259,157,415,0.000
996,0,259,157,415,0.000
997,0,258,157,414,0.000
998,0,258,157,414,0.000
999,0,258,157,414,0.000
1000,0,258,157,414,0.000
1001,0,258,157,414,0.000
1002,0,258,157,414,0.000
1003,0,258,157,414,0.000
1004,0,258,157,414,0.000
1005,0,258,157,414,0.000
1006,0,257,157,413,0.000
1007,0,257,157,413,0.000
1008,0,257,157,413,0.000
1009,0,257,157,413,0.000
1010,0,257,157,413,0.000
1011,0,257,157,413,0.000
1012,0,257,157,413,0.000
1013,0,257,157,413,0.000
1014,0,257,157,413,0.000
1015,0,256,157,412,0.000
1016,0,256,157,412,0.000
1017,0,256,157,412,0.000
1018,0,256,157,412,0.000
1019,0,256,157,412,0.000
1020,0,256,157,412,0.000
1021,0,256,157,412,0.000
1022,0,256,157,412,0.000
1023,254,256,157,412,0.008
1024,254,256,157,412,0.008
1025,254,257,157,413,0.012
1026,0,257,157,413,0.000
1027,247,257,157,413,0.039
1028,246,257,157,413,0.043
1029,247,257,157,413,0.039
1030,0,257,157,413,0.000
1031,0,257,157,413,0.000
1032,255,257,157,413,0.008
1033,255,257,157,413,0.008
1034,218,257,157,413,0.152
1035,218,258,157,414,0.155
1036,256,258,157,414,0.008
1037,257,258,157,414,0.004
1038,0,258,157,414,0.000
1039,0,258,157,414,0.000
1040,0,258,157,414,0.000
1041,0,259,156,414,0.000
1042,258,259,156,414,0.004
1043,233,259,156,414,0.100
1044,234,259,156,414,0.097
1045,234,259,156,414,0.097
1046,234,259,156,414,0.097
1047,234,259,156,414,0.097
1048,236,258,156,413,0.085
1049,246,258,156,413,0.047
1050,256,258,156,413,0.008
1051,256,258,156,413,0.008
1052,256,258,156,413,0.008
1053,256,258,156,413,0.008
1054,250,258,156,413,0.031
1055,254,258,156,413,0.016
1056,254,258,156,413,0.016
1057,256,258,156,413,0.008
1058,256,258,156,413,0.008
1059,257,258,156,413,0.004
1060,0,258,156,413,0.000
1061,0,258,156,413,0.000
1062,0,258,156,413,0.000
1063,0,258,156,413,0.000
1064,0,257,156,412,0.000
1065,0,257,156,412,0.000
1066,0,257,156,412,0.000
1067,0,257,156,412,0.000
1068,0,257,156,412,0.000
1069,0,257,156,412,0.000
1070,0,257,156,412,0.000
1071,0,257,156,412,0.000
1072,0,257,156,412,0.000
1073,0,257,156,412,0.000
1074,0,257,156,412,0.000
1075,0,257,156,412,0.000
1076,0,257,156,412,0.000
1077,0,257,156,412,0.000
1078,0,257,156,412,0.000
1079,0,257,156,412,0.000
1080,0,257,156,412,0.000
1081,0,256,156,411,0.000
1082,0,256,156,411,0.000
1083,0,256,156,411,0.000
1084,0,256,156,411,0.000
1085,0,256,156,411,0.000
1086,0,256,156,411,0.000
1087,0,256,156,411,0.000
1088,0,256,156,411,0.000
1089,0,256,156,411,0.000
1090,0,256,156,411,0.000
1091,0,256,156,411,0.000
1092,0,256,156,411,0.000
1093,0,256,156,411,0.000
1094,0,256,156,411,0.000
1095,0,256,156,411,0.000
1096,0,256,156,411,0.000
1097,0,255,156,410,0.000
1098,0,256,155,410,0.000
1099,0,256,155,410,0.000
1100,0,256,155,410,0.000
1101,0,256,155,410,0.000
1102,0,256,155,410,0.000
1103,0,256,155,410,0.000
1104,0,256,155,410,0.000
1105,0,256,155,410,0.000
1106,0,256,155,410,0.000
1107,0,256,155,410,0.000
1108,0,256,155,410,0.000
1109,0,256,155,410,0.000
1110,0,256,155,410,0.000
1111,0,256,155,410,0.000
1112,0,256,155,410,0.000
1113,0,255,155,409,0.000
1114,0,255,155,409,0.000
1115,0,255,155,409,0.000
1116,0,255,155,409,0.000
1117,0,255,155,409,0.000
1118,0,255,155,409,0.000
1119,0,255,155,409,0.000
1120,0,255,155,409,0.000
1121,0,255,155,409,0.000
1122,0,255,155,409,0.000
1123,0,255,155,409,0.000
1124,0,255,155,409,0.000
1125,0,255,155,409,0.000
1126,0,255,155,409,0.000
1127,0,255,155,409,0.000
1128,0,255,155,409,0.000
1129,0,255,155,409,0.000
1130,0,255,155,409,0.000
1131,0,256,155,410,0.000
1132,0,256,155,410,0.000
1133,0,256,155,410,0.000
1134,0,256,155,410,0.000
1135,0,256,155,410,0.000
1136,0,256,155,410,0.000
1137,0,256,155,410,0.000
1138,0,256,155,410,0.000
1139,0,256,155,410,0.000
1140,0,256,155,410,0.000
1141,0,256,155,410,0.000
1142,0,256,155,410,0.000
1143,0,256,155,410,0.000
1144,0,256,155,410,0.000
1145,0,256,155,410,0.000
1146,0,256,155,410,0.000
1147,0,256,155,410,0.000
1148,0,256,155,410,0.000
1149,0,256,155,410,0.000
1150,0,256,155,410,0.000
1151,0,257,155,411,0.000
1152,0,257,155,411,0.000
1153,0,257,155,411,0.000
1154,0,257,155,411,0.000
1155,0,257,155,411,0.000
1156,0,257,155,411,0.000
1157,0,257,155,411,0.000
1158,0,257,155,411,0.000
1159,0,257,155,411,0.000
1160,0,257,155,411,0.000
1161,0,257,155,411,0.000
1162,0,257,155,411,0.000
1163,0,257,155,411,0.000
1164,0,257,155,411,0.000
1165,0,257,155,411,0.000
1166,0,257,155,411,0.000
1167,0,257,155,411,0.000
1168,0,257,155,411,0.000
1169,0,257,155,411,0.000
1170,0,257,155,411,0.000
1171,0,257,155,411,0.000
1172,0,259,154,412,0.000
1173,0,259,154,412,0.000
1174,0,259,154,412,0.000
1175,0,259,154,412,0.000
1176,0,259,154,412,0.000
1177,0,259,154,412,0.000
1178,0,259,154,412,0.000
1179,0,259,154,412,0.000
1180,0,259,154,412,0.000
1181,0,259,154,412,0.000
1182,0,259,154,412,0.000
1183,0,259,154,412,0.000
1184,0,259,154,412,0.000
1185,0,259,154,412,0.000
1186,0,259,154,412,0.000
1187,0,259,154,412,0.000
1188,0,259,154,412,0.000
1189,0,259,154,412,0.000
1190,258,259,154,412,0.004
1191,257,259,154,412,0.008
1192,257,259,154,412,0.008
1193,258,259,154,412,0.004
1194,0,259,154,412,0.000
1195,0,259,154,412,0.000
1196,0,259,154,412,0.000
1197,0,259,154,412,0.000
1198,0,259,154,412,0.000
1199,0,259,154,412,0.000
1200,0,259,154,412,0.000
1201,0,259,154,412,0.000
1202,0,259,154,412,0.000
1203,0,259,154,412,0.000
1204,0,259,154,412,0.000
1205,0,259,154,412,0.000
1206,0,259,154,412,0.000
1207,0,259,154,412,0.000
1208,257,259,154,412,0.008
1209,0,259,154,412,0.000
1210,0,259,154,412,0.000
1211,0,259,154,412,0.000
1212,0,259,154,412,0.000
1213,0,259,154,412,0.000
1214,0,259,154,412,0.000
1215,0,259,154,412,0.000
1216,0,259,154,412,0.000
1217,0,259,154,412,0.000
1218,0,259,154,412,0.000
1219,0,259,154,412,0.000
1220,0,259,154,412,0.000
1221,0,259,154,412,0.000
1222,0,259,154,412,0.000
1223,0,259,154,412,0.000
1224,0,259,154,412,0.000
1225,0,259,154,412,0.000
1226,0,259,154,412,0.000
1227,0,259,154,412,0.000
1228,0,259,154,412,0.000
1229,0,259,154,412,0.000
1230,0,259,154,412,0.000
1231,0,259,154,412,0.000
1232,0,259,154,412,0.000
1233,0,259,154,412,0.000
1234,0,259,154,412,0.000
1235,0,259,154,412,0.000
1236,0,259,154,412,0.000
1237,0,259,154,412,0.000
1238,0,259,154,412,0.000
1239,0,259,154,412,0.000
1240,257,259,154,412,0.008
1241,256,259,154,412,0.012
1242,256,259,154,412,0.012
1243,256,259,154,412,0.012
1244,0,259,154,412,0.000
1245,0,259,154,412,0.000
1246,0,260,153,412,0.000
1247,0,260,153,412,0.000
1248,0,260,153,412,0.000
1249,0,260,153,412,0.000
1250,0,260,153,412,0.000
1251,0,260,153,412,0.000
1252,0,260,153,412,0.000
1253,255,260,153,412,0.019
1254,255,260,153,412,0.019
1255,255,260,153,412,0.019
1256,0,260,153,412,0.000
1257,0,260,153,412,0.000
1258,0,260,153,412,0.000
1259,0,260,153,412,0.000
1260,0,260,153,412,0.000
1261,0,260,153,412,0.000
1262,0,260,153,412,0.000
1263,0,260,153,412,0.000
1264,0,260,153,412,0.000
1265,0,260,153,412,0.000
1266,0,260,153,412,0.000
1267,0,260,153,412,0.000
1268,0,260,153,412,0.000
1269,0,260,153,412,0.000
1270,0,260,153,412,0.000
1271,0,260,153,412,0.000
1272,0,260,153,412,0.000
1273,0,260,153,412,0.000
1274,0,261,153,413,0.000
1275,0,261,153,413,0.000
1276,0,261,153,413,0.000
1277,0,261,153,413,0.000
1278,0,261,153,413,0.000
1279,0,261,153,413,0.000
1280,0,261,153,413,0.000
1281,0,261,153,413,0.000
1282,0,261,153,413,0.000
1283,0,261,153,413,0.000
1284,0,261,153,413,0.000
1285,0,262,153,414,0.000
1286,0,262,153,414,0.000
1287,0,262,153,414,0.000
1288,0,262,153,414,0.000
1289,0,262,153,414,0.000
1290,0,262,153,414,0.000
1291,0,262,153,414,0.000
1292,0,262,153,414,0.000
1293,0,262,153,414,0.000
1294,0,262,153,414,0.000
1295,0,262,153,414,0.000
1296,0,263,153,415,0.000
1297,0,263,153,415,0.000
1298,0,263,153,415,0.000
1299,0,263,153,415,0.000
1300,0,263,153,415,0.000
1301,0,263,153,415,0.000
1302,0,263,153,415,0.000
1303,0,263,153,415,0.000
1304,0,263,153,415,0.000
1305,0,263,153,415,0.000
1306,0,263,153,415,0.000
1307,0,264,153,416,0.000
1308,0,264,153,416,0.000
1309,0,264,153,416,0.000
1310,0,264,153,416,0.000
1311,0,264,153,416,0.000
1312,0,264,153,416,0.000
1313,0,264,153,416,0.000
1314,0,264,153,416,0.000
1315,0,264,153,416,0.000
1316,0,264,153,416,0.000
1317,0,264,153,416,0.000
1318,0,264,153,416,0.000
1319,0,264,153,416,0.000
1320,0,266,152,417,0.000
1321,0,266,152,417,0.000
1322,0,266,152,417,0.000
1323,0,266,152,417,0.000
1324,0,266,152,417,0.000
1325,0,266,152,417,0.000
1326,264,266,152,417,0.008
1327,0,266,152,417,0.000
1328,264,266,152,417,0.008
1329,264,266,152,417,0.008
1330,264,266,152,417,0.008
1331,264,266,152,417,0.008
1332,264,266,152,417,0.008
1333,264,267,152,418,0.011
1334,264,267,152,418,0.011
1335,265,267,152,418,0.007
1336,265,267,152,418,0.007
1337,265,267,152,418,0.007
1338,266,267,152,418,0.004
1339,266,267,152,418,0.004
1340,266,267,152,418,0.004
1341,266,267,152,418,0.004
1342,0,267,152,418,0.000
1343,0,267,152,418,0.000
1344,0,267,152,418,0.000
1345,266,267,152,418,0.004
1346,266,267,152,418,0.004
1347,257,267,152,418,0.037
1348,256,267,152,418,0.041
1349,257,267,152,418,0.037
1350,257,267,152,418,0.037
1351,258,267,152,418,0.034
1352,259,267,152,418,0.030
1353,265,267,152,418,0.007
1354,265,267,152,418,0.007
1355,264,267,152,418,0.011
1356,264,267,152,418,0.011
1357,257,267,152,418,0.037
1358,257,267,152,418,0.037
1359,258,267,152,418,0.034
1360,261,267,152,418,0.022
1361,265,267,152,418,0.007
1362,264,267,152,418,0.011
1363,265,267,152,418,0.007
1364,265,267,152,418,0.007
1365,265,267,152,418,0.007
1366,0,267,152,418,0.000
1367,0,267,152,418,0.000
1368,259,267,152,418,0.030
1369,259,267,152,418,0.030
1370,0,267,152,418,0.000
1371,0,267,152,418,0.000
1372,0,267,152,418,0.000
1373,0,267,152,418,0.000
1374,0,267,152,418,0.000
1375,0,267,152,418,0.000
1376,0,267,152,418,0.000
1377,0,267,152,418,0.000
1378,0,267,152,418,0.000
1379,0,267,152,418,0.000
1380,0,267,152,418,0.000
1381,0,267,152,418,0.000
1382,0,269,151,419,0.000
1383,0,269,151,419,0.000
1384,0,269,151,419,0.000
1385,0,269,151,419,0.000
1386,0,269,151,419,0.000
1387,0,269,151,419,0.000
1388,0,269,151,419,0.000
1389,0,269,151,419,0.000
1390,0,269,151,419,0.000
1391,0,269,151,419,0.000
1392,0,269,151,419,0.000
1393,0,269,151,419,0.000
1394,0,269,151,419,0.000
1395,0,269,151,419,0.000
1396,0,269,151,419,0.000
1397,0,269,151,419,0.000
1398,0,269,151,419,0.000
1399,0,269,151,419,0.000
1400,268,270,151,420,0.007
1401,268,270,151,420,0.007
1402,268,270,151,420,0.007
1403,268,270,151,420,0.007
1404,268,270,151,420,0.007
1405,268,270,151,420,0.007
1406,268,270,151,420,0.007
1407,268,270,151,420,0.007
1408,268,270,151,420,0.007
1409,268,270,151,420,0.007
1410,267,270,151,420,0.011
1411,259,270,151,420,0.041
1412,258,270,151,420,0.044
1413,260,270,151,420,0.037
1414,260,270,151,420,0.037
1415,259,270,151,420,0.041
1416,268,270,151,420,0.007
1417,268,271,151,421,0.011
1418,268,271,151,421,0.011
1419,268,271,151,421,0.011
1420,268,271,151,421,0.011
1421,268,271,151,421,0.011
1422,267,271,151,421,0.015
1423,268,271,151,421,0.011
1424,268,271,151,421,0.011
1425,268,271,151,421,0.011
1426,269,271,151,421,0.007
1427,269,271,151,421,0.007
1428,269,271,151,421,0.007
1429,269,271,151,421,0.007
1430,269,271,151,421,0.007
1431,270,272,150,421,0.007
1432,268,272,150,421,0.015
1433,267,272,150,421,0.018
1434,267,272,150,421,0.018
1435,267,273,150,422,0.022
1436,268,273,150,422,0.018
1437,268,273,150,422,0.018
1438,269,273,150,422,0.015
1439,269,273,150,422,0.015
1440,269,273,150,422,0.015
1441,270,273,150,422,0.011
1442,270,273,150,422,0.011
1443,271,273,150,422,0.007
1444,272,273,150,422,0.004
1445,272,273,150,422,0.004
1446,272,273,150,422,0.004
1447,271,273,150,422,0.007
1448,269,273,150,422,0.015
1449,268,272,150,421,0.015
1450,268,272,150,421,0.015
1451,268,272,150,421,0.015
1452,267,272,150,421,0.018
1453,268,272,150,421,0.015
1454,268,272,150,421,0.015
1455,268,272,150,421,0.015
1456,268,272,150,421,0.015
1457,268,272,150,421,0.015
1458,267,272,150,421,0.018
1459,267,272,150,421,0.018
1460,267,271,150,420,0.015
1461,267,271,150,420,0.015
1462,266,271,150,420,0.018
1463,266,271,150,420,0.018
1464,266,271,150,420,0.018
1465,265,270,151,420,0.019
1466,265,270,151,420,0.019
1467,265,270,151,420,0.019
1468,265,270,151,420,0.019
1469,265,270,151,420,0.019
1470,267,269,151,419,0.007
1471,268,269,151,419,0.004
1472,0,269,151,419,0.000
1473,267,269,151,419,0.007
1474,253,269,151,419,0.059
1475,253,269,151,419,0.059
1476,252,269,151,419,0.063
1477,266,269,151,419,0.011
1478,266,269,151,419,0.011
1479,260,269,151,419,0.033
1480,259,268,151,418,0.034
1481,256,268,151,418,0.045
1482,256,268,151,418,0.045
1483,257,268,151,418,0.041
1484,265,267,152,418,0.007
1485,266,267,152,418,0.004
1486,266,267,152,418,0.004
1487,0,267,152,418,0.000
1488,0,267,152,418,0.000
1489,0,267,152,418,0.000
1490,257,267,152,418,0.037
1491,257,266,152,417,0.034
1492,258,266,152,417,0.030
1493,258,266,152,417,0.030
1494,259,266,152,417,0.026
1495,259,266,152,417,0.026
1496,260,266,152,417,0.023
1497,263,266,152,417,0.011
1498,263,266,152,417,0.011
1499,263,266,152,417,0.011
1500,264,266,152,417,0.008
1501,0,266,152,417,0.000
1502,0,266,152,417,0.000
1503,0,265,153,417,0.000
1504,0,265,153,417,0.000
1505,0,265,153,417,0.000
1506,0,265,153,417,0.000
1507,0,265,153,417,0.000
1508,0,265,153,417,0.000
1509,260,265,153,417,0.019
1510,259,265,153,417,0.023
1511,259,265,153,417,0.023
1512,258,265,153,417,0.026
1513,257,265,153,417,0.030
1514,255,266,153,418,0.041
1515,254,266,153,418,0.045
1516,258,266,153,418,0.030
1517,258,266,153,418,0.030
1518,259,266,153,418,0.026
1519,259,266,153,418,0.026
1520,259,266,153,418,0.026
1521,258,265,154,418,0.026
1522,258,265,154,418,0.026
1523,258,265,154,418,0.026
1524,258,265,154,418,0.026
1525,258,265,154,418,0.026
1526,259,265,154,418,0.023
1527,259,265,154,418,0.023
1528,259,265,154,418,0.023
1529,259,265,154,418,0.023
1530,258,265,154,418,0.026
1531,257,265,154,418,0.030
1532,258,265,154,418,0.026
1533,258,265,154,418,0.026
1534,259,265,154,418,0.023
1535,260,265,154,418,0.019
1536,262,265,154,418,0.011
1537,0,265,154,418,0.000
1538,0,264,155,418,0.000
1539,261,264,155,418,0.011
1540,259,264,155,418,0.019
1541,258,264,155,418,0.023
1542,258,264,155,418,0.023
1543,257,264,155,418,0.027
1544,257,264,155,418,0.027
1545,257,264,155,418,0.027
1546,257,264,155,418,0.027
1547,258,264,155,418,0.023
1548,258,264,155,418,0.023
1549,258,264,155,418,0.023
1550,258,265,155,419,0.026
1551,258,265,155,419,0.026
1552,259,265,155,419,0.023
1553,259,265,155,419,0.023
1554,260,265,155,419,0.019
1555,259,264,156,419,0.019
1556,259,264,156,419,0.019
1557,259,264,156,419,0.019
1558,259,264,156,419,0.019
1559,259,264,156,419,0.019
1560,259,264,156,419,0.019
1561,259,264,156,419,0.019
1562,258,264,156,419,0.023
1563,258,264,156,419,0.023
1564,258,264,156,419,0.023
1565,250,264,156,419,0.053
1566,250,264,156,419,0.053
1567,250,264,156,419,0.053
1568,261,264,156,419,0.011
1569,0,264,156,419,0.000
1570,0,264,156,419,0.000
1571,0,264,156,419,0.000
1572,261,263,157,419,0.008
1573,261,263,157,419,0.008
1574,261,263,157,419,0.008
1575,260,263,157,419,0.011
1576,260,263,157,419,0.011
1577,260,263,157,419,0.011
1578,260,263,157,419,0.011
1579,260,263,157,419,0.011
1580,259,263,157,419,0.015
1581,259,263,157,419,0.015
1582,258,263,157,419,0.019
1583,259,263,157,419,0.015
1584,260,263,157,419,0.011
1585,0,263,157,419,0.000
1586,0,264,157,420,0.000
1587,0,264,157,420,0.000
1588,0,264,157,420,0.000
1589,0,263,158,420,0.000
1590,0,263,158,420,0.000
1591,0,263,158,420,0.000
1592,0,263,158,420,0.000
1593,0,263,158,420,0.000
1594,0,263,158,420,0.000
1595,0,263,158,420,0.000
1596,0,263,158,420,0.000
1597,0,263,158,420,0.000
1598,0,263,158,420,0.000
1599,0,263,158,420,0.000
1600,0,263,158,420,0.000
1601,0,263,158,420,0.000
1602,262,263,158,420,0.004
1603,262,263,158,420,0.004
1604,261,263,158,420,0.008
1605,262,263,158,420,0.004
1606,262,264,158,421,0.008
1607,0,264,158,421,0.000
1608,0,264,158,421,0.000
1609,0,264,158,421,0.000
1610,0,264,158,421,0.000
1611,0,264,159,422,0.000
1612,0,264,159,422,0.000
1613,0,264,159,422,0.000
1614,0,264,159,422,0.000
1615,0,265,159,423,0.000
1616,0,265,159,423,0.000
1617,0,265,159,423,0.000
1618,0,265,159,423,0.000
1619,0,265,159,423,0.000
1620,0,266,159,424,0.000
1621,264,266,159,424,0.008
1622,264,266,159,424,0.008
1623,264,266,159,424,0.008
1624,0,267,159,425,0.000
1625,0,267,159,425,0.000
1626,0,267,159,425,0.000
1627,0,267,159,425,0.000
1628,0,267,159,425,0.000
1629,0,268,159,426,0.000
1630,0,268,159,426,0.000
1631,0,268,159,426,0.000
1632,0,268,159,426,0.000
1633,0,269,159,427,0.000
1634,268,269,159,427,0.004
1635,267,269,159,427,0.007
1636,267,269,159,427,0.007
1637,267,269,159,427,0.007
1638,266,269,160,428,0.011
1639,266,269,160,428,0.011
1640,265,269,160,428,0.015
1641,265,269,160,428,0.015
1642,266,269,160,428,0.011
1643,266,269,160,428,0.011
1644,0,269,160,428,0.000
1645,0,269,160,428,0.000
1646,0,269,160,428,0.000
1647,0,269,160,428,0.000
1648,0,269,160,428,0.000
1649,0,269,160,428,0.000
1650,0,269,160,428,0.000
1651,0,269,160,428,0.000
1652,0,269,160,428,0.000
1653,268,269,160,428,0.004
1654,267,269,160,428,0.007
1655,267,269,160,428,0.007
1656,267,269,160,428,0.007
1657,267,270,160,429,0.011
1658,267,270,160,429,0.011
1659,267,270,160,429,0.011
1660,268,270,160,429,0.007
1661,268,270,160,429,0.007
1662,268,270,160,429,0.007
1663,0,270,160,429,0.000
1664,0,270,160,429,0.000
1665,0,269,161,429,0.000
1666,0,269,161,429,0.000
1667,0,269,161,429,0.000
1668,0,269,161,429,0.000
1669,268,269,161,429,0.004
1670,268,269,161,429,0.004
1671,268,269,161,429,0.004
1672,268,269,161,429,0.004
1673,268,269,161,429,0.004
1674,0,269,161,429,0.000
1675,0,269,161,429,0.000
1676,0,269,161,429,0.000
1677,267,269,161,429,0.007
1678,266,269,161,429,0.011
1679,264,269,161,429,0.019
1680,263,269,161,429,0.022
1681,261,269,161,429,0.030
1682,261,269,161,429,0.030
1683,260,269,161,429,0.033
1684,260,269,161,429,0.033
1685,265,269,161,429,0.015
1686,266,269,161,429,0.011
1687,266,269,161,429,0.011
1688,266,269,161,429,0.011
1689,266,269,161,429,0.011
1690,267,269,161,429,0.007
1691,267,269,161,429,0.007
1692,266,269,162,430,0.011
1693,266,269,162,430,0.011
1694,264,269,162,430,0.019
1695,264,269,162,430,0.019
1696,264,269,162,430,0.019
1697,264,269,162,430,0.019
1698,264,269,162,430,0.019
1699,265,269,162,430,0.015
1700,248,269,162,430,0.078
1701,247,269,162,430,0.082
1702,247,269,162,430,0.082
1703,247,269,162,430,0.082
1704,248,269,162,430,0.078
1705,251,269,162,430,0.067
1706,257,269,162,430,0.045
1707,257,269,162,430,0.045
1708,259,269,162,430,0.037
1709,265,269,162,430,0.015
1710,265,269,162,430,0.015
1711,264,269,162,430,0.019
1712,264,269,162,430,0.019
1713,264,269,162,430,0.019
1714,265,269,162,430,0.015
1715,265,269,162,430,0.015
1716,265,269,162,430,0.015
1717,266,268,162,429,0.007
1718,260,268,162,429,0.030
1719,260,267,163,429,0.026
1720,0,267,163,429,0.000
1721,0,267,163,429,0.000
1722,0,267,163,429,0.000
1723,0,267,163,429,0.000
1724,0,267,163,429,0.000
1725,0,267,163,429,0.000
1726,0,267,163,429,0.000
1727,266,267,163,429,0.004
1728,0,267,163,429,0.000
1729,0,267,163,429,0.000
1730,0,267,163,429,0.000
1731,266,267,163,429,0.004
1732,0,266,163,428,0.000
1733,0,266,163,428,0.000
1734,0,266,163,428,0.000
1735,0,266,163,428,0.000
1736,0,266,163,428,0.000
1737,0,266,163,428,0.000
1738,0,266,163,428,0.000
1739,0,266,163,428,0.000
1740,0,266,163,428,0.000
1741,0,266,163,428,0.000
1742,0,266,163,428,0.000
1743,0,266,163,428,0.000
1744,0,266,163,428,0.000
1745,0,266,163,428,0.000
1746,0,265,164,428,0.000
1747,0,264,164,427,0.000
1748,0,264,164,427,0.000
1749,0,264,164,427,0.000
1750,0,264,164,427,0.000
1751,262,264,164,427,0.008
1752,262,264,164,427,0.008
1753,262,264,164,427,0.008
1754,262,264,164,427,0.008
1755,0,264,164,427,0.000
1756,0,265,164,428,0.000
1757,0,265,164,428,0.000
1758,0,265,164,428,0.000
1759,0,265,164,428,0.000
1760,0,266,164,429,0.000
1761,0,266,164,429,0.000
1762,0,266,164,429,0.000
1763,0,267,164,430,0.000
1764,0,266,165,430,0.000
1765,0,266,165,430,0.000
1766,0,266,165,430,0.000
1767,0,267,165,431,0.000
1768,0,267,165,431,0.000
1769,0,267,165,431,0.000
1770,0,267,165,431,0.000
1771,0,267,166,432,0.000
1772,0,267,166,432,0.000
1773,0,267,166,432,0.000
1774,0,267,166,432,0.000
1775,0,267,166,432,0.000
1776,0,267,166,432,0.000
1777,0,267,166,432,0.000
1778,0,267,166,432,0.000
1779,0,266,167,432,0.000
1780,0,266,167,432,0.000
1781,0,266,167,432,0.000
1782,0,266,167,432,0.000
1783,0,266,167,432,0.000
1784,0,265,167,431,0.000
1785,0,265,167,431,0.000
1786,0,264,168,431,0.000
1787,0,264,168,431,0.000
1788,0,264,168,431,0.000
1789,0,264,168,431,0.000
1790,0,264,168,431,0.000
1791,0,264,168,431,0.000
1792,0,264,168,431,0.000
1793,0,263,169,431,0.000
1794,0,263,169,431,0.000
1795,0,263,169,431,0.000
1796,0,263,169,431,0.000
1797,0,263,169,431,0.000
1798,0,263,169,431,0.000
1799,0,263,169,431,0.000
1800,0,263,169,431,0.000
1801,0,262,170,431,0.000
1802,0,262,170,431,0.000
1803,0,262,170,431,0.000
1804,0,262,170,431,0.000
1805,0,261,170,430,0.000
1806,0,261,170,430,0.000
1807,0,261,170,430,0.000
1808,0,260,171,430,0.000
1809,0,260,171,430,0.000
1810,0,260,171,430,0.000
1811,0,260,171,430,0.000
1812,0,260,171,430,0.000
1813,0,260,171,430,0.000
1814,0,260,171,430,0.000
1815,0,260,171,430,0.000
1816,0,260,171,430,0.000
1817,0,260,171,430,0.000
1818,0,260,171,430,0.000
1819,0,260,171,430,0.000
1820,0,261,170,430,0.000
1821,0,261,170,430,0.000
1822,0,261,170,430,0.000
1823,0,261,170,430,0.000
1824,0,261,170,430,0.000
1825,0,261,170,430,0.000
1826,0,260,170,429,0.000
1827,0,260,170,429,0.000
1828,0,260,170,429,0.000
1829,0,260,170,429,0.000
1830,0,260,170,429,0.000
1831,0,260,170,429,0.000
1832,0,260,170,429,0.000
1833,0,260,170,429,0.000
1834,0,260,170,429,0.000
1835,0,260,170,429,0.000
1836,0,261,169,429,0.000
1837,0,261,169,429,0.000
1838,0,261,169,429,0.000
1839,0,261,169,429,0.000
1840,0,261,169,429,0.000
1841,0,261,169,429,0.000
1842,0,261,169,429,0.000
1843,0,261,169,429,0.000
1844,0,261,169,429,0.000
1845,0,261,169,429,0.000
1846,0,261,169,429,0.000
1847,0,261,169,429,0.000
1848,0,261,169,429,0.000
1849,0,261,169,429,0.000
1850,0,261,169,429,0.000
1851,0,261,169,429,0.000
1852,0,262,168,429,0.000
1853,0,262,168,429,0.000
1854,0,262,168,429,0.000
1855,0,262,168,429,0.000
1856,0,261,168,428,0.000
1857,0,261,168,428,0.000
1858,0,261,168,428,0.000
1859,0,261,168,428,0.000
1860,0,261,168,428,0.000
1861,0,261,168,428,0.000
1862,0,261,168,428,0.000
1863,0,261,168,428,0.000
1864,0,261,168,428,0.000
1865,0,261,168,428,0.000
1866,0,261,168,428,0.000
1867,0,261,168,428,0.000
1868,0,262,167,428,0.000
1869,0,262,167,428,0.000
1870,0,262,167,428,0.000
1871,0,262,167,428,0.000
1872,0,262,167,428,0.000
1873,0,262,167,428,0.000
1874,0,262,167,428,0.000
1875,0,262,167,428,0.000
1876,0,262,167,428,0.000
1877,0,262,167,428,0.000
1878,0,262,167,428,0.000
1879,0,262,167,428,0.000
1880,0,262,167,428,0.000
1881,0,262,167,428,0.000
1882,0,262,167,428,0.000
1883,0,262,167,428,0.000
1884,0,262,167,428,0.000
1885,0,263,166,428,0.000
1886,261,263,166,428,0.008
1887,0,263,166,428,0.000
1888,0,263,166,428,0.000
1889,0,263,166,428,0.000
1890,0,263,166,428,0.000
1891,0,263,166,428,0.000
1892,0,263,166,428,0.000
1893,0,263,166,428,0.000
1894,0,263,166,428,0.000
1895,0,262,166,427,0.000
1896,0,262,166,427,0.000
1897,0,262,166,427,0.000
1898,0,262,166,427,0.000
1899,0,262,166,427,0.000
1900,0,262,166,427,0.000
1901,0,263,165,427,0.000
1902,0,263,165,427,0.000
1903,0,263,165,427,0.000
1904,0,263,165,427,0.000
1905,0,263,165,427,0.000
1906,0,263,165,427,0.000
1907,0,263,165,427,0.000
1908,0,263,165,427,0.000
1909,0,263,165,427,0.000
1910,0,263,165,427,0.000
1911,0,263,165,427,0.000
1912,0,263,165,427,0.000
1913,0,263,165,427,0.000
1914,0,263,165,427,0.000
1915,0,263,165,427,0.000
1916,0,264,165,428,0.000
1917,0,265,164,428,0.000
1918,0,265,164,428,0.000
1919,0,265,164,428,0.000
1920,0,266,164,429,0.000
1921,0,266,164,429,0.000
1922,0,266,164,429,0.000
1923,0,267,164,430,0.000
1924,0,267,164,430,0.000
1925,0,267,164,430,0.000
1926,0,267,164,430,0.000
1927,0,268,164,431,0.000
1928,0,268,164,431,0.000
1929,0,268,164,431,0.000
1930,0,268,164,431,0.000
1931,0,269,164,432,0.000
1932,0,269,164,432,0.000
1933,0,270,163,432,0.000
1934,0,270,163,432,0.000
1935,0,271,163,433,0.000
1936,0,271,163,433,0.000
1937,0,271,163,433,0.000
1938,0,271,163,433,0.000
1939,0,272,163,434,0.000
1940,0,272,163,434,0.000
1941,0,272,163,434,0.000
1942,0,273,163,435,0.000
1943,0,273,163,435,0.000
1944,0,273,163,435,0.000
1945,0,273,163,435,0.000
1946,0,274,163,436,0.000
1947,0,274,163,436,0.000
1948,0,274,163,436,0.000
1949,0,274,163,436,0.000
1950,0,274,163,436,0.000
1951,0,274,163,436,0.000
1952,0,274,163,436,0.000
1953,0,274,163,436,0.000
1954,0,274,163,436,0.000
1955,0,274,163,436,0.000
1956,272,274,163,436,0.007
1957,269,273,163,435,0.015
1958,269,273,163,435,0.015
1959,269,273,163,435,0.015
1960,269,273,163,435,0.015
1961,269,273,163,435,0.015
1962,269,273,163,435,0.015
1963,269,273,163,435,0.015
1964,269,273,163,435,0.015
1965,267,273,163,435,0.022
1966,266,273,163,435,0.026
1967,266,273,163,435,0.026
1968,265,273,163,435,0.029
1969,265,273,163,435,0.029
1970,264,273,163,435,0.033
1971,264,273,163,435,0.033
1972,264,273,163,435,0.033
1973,264,273,163,435,0.033
1974,264,273,163,435,0.033
1975,265,273,163,435,0.029
1976,268,272,163,434,0.015
1977,268,272,163,434,0.015
1978,267,272,163,434,0.018
1979,266,272,163,434,0.022
1980,266,272,163,434,0.022
1981,266,272,163,434,0.022
1982,266,272,163,434,0.022
1983,266,272,163,434,0.022
1984,265,271,164,434,0.022
1985,266,271,164,434,0.018
1986,266,271,164,434,0.018
1987,267,271,164,434,0.015
1988,267,271,164,434,0.015
1989,267,271,164,434,0.015
1990,268,271,164,434,0.011
1991,268,271,164,434,0.011
1992,0,271,164,434,0.000
1993,0,271,164,434,0.000
1994,0,271,164,434,0.000
1995,0,270,164,433,0.000
1996,0,270,164,433,0.000
1997,0,270,164,433,0.000
1998,0,270,164,433,0.000
1999,0,270,164,433,0.000
2000,0,270,164,433,0.000
2001,0,270,164,433,0.000
2002,0,270,164,433,0.000
2003,0,270,164,433,0.000
2004,0,270,164,433,0.000
2005,0,270,164,433,0.000
2006,0,270,164,433,0.000
2007,0,270,164,433,0.000
2008,0,270,164,433,0.000
2009,0,270,164,433,0.000
2010,0,270,164,433,0.000
2011,0,270,164,433,0.000
2012,0,270,164,433,0.000
2013,0,269,164,432,0.000
2014,0,269,164,432,0.000
2015,0,269,164,432,0.000
2016,0,269,164,432,0.000
2017,0,269,164,432,0.000
2018,0,269,164,432,0.000
2019,0,269,164,432,0.000
2020,0,269,164,432,0.000
2021,0,269,164,432,0.000
2022,0,269,164,432,0.000
2023,0,269,164,432,0.000
2024,0,269,164,432,0.000
2025,0,269,164,432,0.000
2026,0,269,164,432,0.000
2027,0,269,164,432,0.000
2028,0,269,164,432,0.000
2029,0,269,164,432,0.000
2030,0,269,164,432,0.000
2031,0,269,164,432,0.000
2032,0,268,164,431,0.000
2033,0,268,164,431,0.000
2034,0,268,164,431,0.000
2035,0,268,164,431,0.000
2036,0,268,164,431,0.000
2037,0,268,164,431,0.000
2038,0,268,164,431,0.000
2039,0,268,164,431,0.000
2040,0,268,164,431,0.000
2041,0,268,164,431,0.000
2042,0,268,164,431,0.000
2043,0,268,164,431,0.000
2044,0,268,164,431,0.000
2045,0,268,164,431,0.000
2046,0,268,164,431,0.000
2047,0,268,164,431,0.000
2048,0,268,164,431,0.000
2049,0,268,164,431,0.000
2050,0,268,164,431,0.000
2051,0,268,164,431,0.000
2052,0,268,164,431,0.000
2053,0,268,164,431,0.000
2054,0,268,164,431,0.000
2055,0,268,164,431,0.000
2056,0,268,164,431,0.000
2057,0,268,164,431,0.000
2058,0,268,164,431,0.000
2059,0,268,164,431,0.000
2060,0,268,164,431,0.000
2061,0,268,164,431,0.000
2062,0,268,164,431,0.000
2063,0,268,164,431,0.000
2064,0,268,164,431,0.000
2065,0,268,164,431,0.000
2066,0,268,164,431,0.000
2067,0,268,164,431,0.000
2068,0,268,164,431,0.000
2069,0,268,164,431,0.000
2070,0,268,164,431,0.000
2071,0,267,165,431,0.000
2072,0,267,165,431,0.000
2073,0,267,165,431,0.000
2074,0,267,165,431,0.000
2075,0,267,165,431,0.000
2076,0,267,165,431,0.000
2077,0,267,165,431,0.000
2078,0,267,165,431,0.000
2079,0,267,165,431,0.000
2080,0,267,165,431,0.000
2081,0,267,165,431,0.000
2082,0,267,165,431,0.000
2083,0,267,165,431,0.000
2084,0,267,165,431,0.000
2085,0,267,165,431,0.000
2086,0,267,165,431,0.000
2087,0,267,165,431,0.000
2088,0,267,165,431,0.000
2089,0,267,165,431,0.000
2090,0,267,165,431,0.000
2091,0,267,165,431,0.000
2092,0,267,165,431,0.000
2093,0,267,165,431,0.000
2094,0,267,165,431,0.000
2095,0,267,165,431,0.000
2096,256,267,165,431,0.041
2097,0,267,165,431,0.000
2098,0,267,165,431,0.000
2099,0,267,165,431,0.000
2100,0,267,165,431,0.000
2101,0,267,165,431,0.000
2102,0,267,165,431,0.000
2103,0,267,165,431,0.000
2104,0,267,165,431,0.000
2105,0,267,165,431,0.000
2106,0,267,165,431,0.000
2107,0,267,165,431,0.000
2108,0,267,165,431,0.000
2109,0,267,165,431,0.000
2110,0,267,165,431,0.000
2111,0,267,165,431,0.000
2112,0,267,165,431,0.000
2113,0,267,165,431,0.000
2114,0,267,165,431,0.000
2115,0,267,165,431,0.000
2116,0,267,165,431,0.000
2117,0,267,165,431,0.000
2118,0,267,165,431,0.000
2119,0,267,165,431,0.000
2120,0,267,165,431,0.000
2121,0,267,165,431,0.000
2122,0,267,165,431,0.000
2123,0,267,165,431,0.000
2124,0,267,165,431,0.000
2125,0,267,165,431,0.000
2126,0,267,165,431,0.000
2127,0,267,165,431,0.000
2128,0,267,165,431,0.000
2129,0,267,165,431,0.000
2130,0,267,165,431,0.000
2131,0,267,165,431,0.000
2132,0,267,165,431,0.000
2133,0,267,165,431,0.000
2134,0,267,165,431,0.000
2135,0,268,165,432,0.000
2136,0,268,165,432,0.000
2137,0,268,165,432,0.000
2138,0,268,165,432,0.000
2139,0,268,165,432,0.000
2140,0,269,165,433,0.000
2141,0,269,165,433,0.000
2142,0,269,165,433,0.000
2143,0,269,165,433,0.000
2144,0,270,165,434,0.000
2145,0,270,165,434,0.000
2146,0,270,165,434,0.000
2147,0,270,165,434,0.000
2148,0,271,165,435,0.000
2149,0,271,165,435,0.000
2150,0,271,165,435,0.000
2151,0,271,165,435,0.000
2152,0,271,165,435,0.000
2153,0,272,165,436,0.000
2154,0,272,165,436,0.000
2155,0,272,165,436,0.000
2156,0,272,165,436,0.000
2157,0,273,165,437,0.000
2158,0,272,166,437,0.000
2159,0,272,166,437,0.000
2160,0,272,166,437,0.000
2161,0,272,166,437,0.000
2162,0,273,166,438,0.000
2163,0,273,166,438,0.000
2164,0,273,166,438,0.000
2165,271,273,166,438,0.007
2166,270,272,166,437,0.007
2167,270,272,166,437,0.007
2168,270,272,166,437,0.007
2169,269,272,166,437,0.011
2170,266,272,166,437,0.022
2171,266,271,166,436,0.018
2172,266,271,166,436,0.018
2173,266,271,166,436,0.018
2174,266,271,166,436,0.018
2175,268,270,166,435,0.007
2176,268,270,166,435,0.007
2177,0,270,166,435,0.000
2178,0,270,166,435,0.000
2179,0,270,166,435,0.000
2180,264,269,166,434,0.019
2181,263,269,166,434,0.022
2182,262,269,166,434,0.026
2183,261,269,166,434,0.030
2184,261,268,166,433,0.026
2185,261,268,166,433,0.026
2186,261,268,166,433,0.026
2187,261,268,166,433,0.026
2188,255,268,166,433,0.049
2189,255,267,166,432,0.045
2190,254,267,166,432,0.049
2191,254,267,166,432,0.049
2192,260,267,166,432,0.026
2193,260,266,166,431,0.023
2194,261,266,166,431,0.019
2195,261,266,166,431,0.019
2196,261,266,166,431,0.019
2197,261,266,166,431,0.019
2198,262,265,166,430,0.011
2199,262,265,166,430,0.011
2200,263,265,166,430,0.008
2201,0,265,166,430,0.000
2202,0,265,166,430,0.000
2203,263,265,166,430,0.008
2204,262,265,166,430,0.011
2205,263,265,166,430,0.008
2206,0,265,166,430,0.000
2207,0,265,166,430,0.000
2208,262,265,166,430,0.011
2209,262,265,166,430,0.011
2210,262,265,166,430,0.011
2211,261,265,166,430,0.015
2212,261,264,166,429,0.011
2213,262,264,166,429,0.008
2214,0,264,166,429,0.000
2215,0,264,166,429,0.000
2216,0,264,166,429,0.000
2217,0,264,166,429,0.000
2218,0,264,166,429,0.000
2219,0,264,166,429,0.000
2220,0,264,166,429,0.000
2221,262,265,165,429,0.011
2222,260,265,165,429,0.019
2223,259,265,165,429,0.023
2224,257,265,165,429,0.030
2225,257,265,165,429,0.030
2226,258,265,165,429,0.026
2227,259,265,165,429,0.023
2228,260,265,165,429,0.019
2229,261,265,165,429,0.015
2230,262,265,165,429,0.011
2231,0,265,165,429,0.000
2232,0,265,165,429,0.000
2233,0,265,165,429,0.000
2234,0,265,165,429,0.000
2235,0,265,165,429,0.000
2236,0,264,165,428,0.000
2237,0,264,165,428,0.000
2238,0,264,165,428,0.000
2239,0,264,165,428,0.000
2240,0,264,165,428,0.000
2241,0,264,165,428,0.000
2242,263,264,165,428,0.004
2243,0,264,165,428,0.000
2244,0,264,165,428,0.000
2245,0,264,165,428,0.000
2246,0,264,165,428,0.000
2247,0,264,165,428,0.000
2248,0,264,165,428,0.000
2249,0,264,165,428,0.000
2250,0,264,165,428,0.000
2251,0,264,165,428,0.000
2252,263,264,165,428,0.004
2253,263,264,165,428,0.004
2254,262,264,165,428,0.008
2255,262,264,165,428,0.008
2256,262,264,165,428,0.008
2257,262,264,165,428,0.008
2258,264,265,164,428,0.004
2259,264,265,164,428,0.004
2260,0,264,164,427,0.000
2261,0,264,164,427,0.000
2262,0,264,164,427,0.000
2263,0,264,164,427,0.000
2264,0,264,164,427,0.000
2265,0,264,164,427,0.000
2266,0,264,164,427,0.000
2267,0,264,164,427,0.000
2268,0,264,164,427,0.000
2269,263,264,164,427,0.004
2270,261,264,164,427,0.011
2271,262,264,164,427,0.008
2272,0,264,164,427,0.000
2273,0,264,164,427,0.000
2274,0,264,164,427,0.000
2275,0,264,164,427,0.000
2276,0,264,164,427,0.000
2277,0,264,164,427,0.000
2278,0,264,164,427,0.000
2279,0,264,164,427,0.000
2280,0,264,164,427,0.000
2281,0,264,164,427,0.000
2282,0,264,164,427,0.000
2283,0,264,164,427,0.000
2284,0,264,164,427,0.000
2285,261,264,164,427,0.011
2286,261,264,164,427,0.011
2287,260,264,164,427,0.015
2288,260,264,164,427,0.015
2289,0,264,164,427,0.000
2290,0,264,164,427,0.000
2291,0,264,164,427,0.000
2292,0,265,164,428,0.000
2293,0,265,164,428,0.000
2294,259,265,164,428,0.023
2295,259,265,164,428,0.023
2296,260,265,164,428,0.019
2297,0,265,164,428,0.000
2298,0,265,164,428,0.000
2299,0,265,164,428,0.000
2300,0,265,164,428,0.000
2301,0,265,164,428,0.000
2302,0,265,164,428,0.000
2303,0,265,164,428,0.000
2304,0,265,164,428,0.000
2305,0,265,164,428,0.000
2306,262,265,164,428,0.011
2307,262,265,164,428,0.011
2308,262,265,164,428,0.011
2309,262,265,164,428,0.011
2310,250,265,164,428,0.057
2311,250,265,164,428,0.057
2312,263,265,164,428,0.008
2313,0,265,164,428,0.000
2314,0,265,164,428,0.000
2315,0,265,164,428,0.000
2316,0,265,164,428,0.000
2317,0,265,164,428,0.000
2318,0,265,164,428,0.000
2319,263,265,164,428,0.008
2320,248,265,164,428,0.064
2321,248,265,164,428,0.064
2322,249,265,164,428,0.060
2323,250,265,164,428,0.057
2324,250,265,164,428,0.057
2325,252,265,164,428,0.049
2326,0,265,164,428,0.000
2327,0,265,164,428,0.000
2328,0,265,164,428,0.000
2329,0,265,164,428,0.000
2330,0,265,164,428,0.000
2331,0,265,164,428,0.000
2332,0,266,164,429,0.000
2333,262,266,164,429,0.015
2334,0,266,164,429,0.000
2335,0,266,164,429,0.000
2336,0,266,164,429,0.000
2337,0,266,164,429,0.000
2338,0,266,164,429,0.000
2339,0,266,164,429,0.000
2340,0,266,164,429,0.000
2341,0,266,164,429,0.000
2342,0,266,164,429,0.000
2343,0,266,164,429,0.000
2344,0,266,164,429,0.000
2345,0,266,164,429,0.000
2346,0,266,164,429,0.000
2347,0,266,164,429,0.000
2348,0,266,164,429,0.000
2349,0,266,164,429,0.000
2350,0,266,164,429,0.000
2351,0,266,164,429,0.000
2352,0,266,164,429,0.000
2353,0,266,164,429,0.000
2354,0,266,164,429,0.000
2355,0,266,164,429,0.000
2356,0,267,164,430,0.000
2357,0,267,164,430,0.000
2358,0,267,164,430,0.000
2359,0,267,164,430,0.000
2360,0,267,164,430,0.000
2361,0,267,164,430,0.000
2362,0,267,164,430,0.000
2363,0,268,164,431,0.000
2364,0,268,164,431,0.000
2365,0,268,164,431,0.000
2366,0,268,164,431,0.000
2367,0,268,164,431,0.000
2368,0,268,164,431,0.000
2369,0,268,164,431,0.000
2370,0,268,164,431,0.000
2371,0,269,164,432,0.000
2372,0,269,164,432,0.000
2373,0,269,164,432,0.000
2374,267,269,164,432,0.007
2375,267,269,164,432,0.007
2376,267,269,164,432,0.007
2377,267,269,164,432,0.007
2378,268,270,164,433,0.007
2379,268,270,164,433,0.007
2380,268,270,164,433,0.007
2381,268,270,164,433,0.007
2382,268,270,164,433,0.007
2383,267,270,164,433,0.011
2384,267,270,164,433,0.011
2385,266,270,165,434,0.015
2386,265,270,165,434,0.019
2387,266,270,165,434,0.015
2388,267,270,165,434,0.011
2389,0,270,165,434,0.000
2390,0,270,165,434,0.000
2391,0,270,165,434,0.000
2392,0,270,165,434,0.000
2393,0,271,165,435,0.000
2394,0,271,165,435,0.000
2395,0,271,165,435,0.000
2396,269,271,165,435,0.007
2397,270,271,165,435,0.004
2398,270,271,165,435,0.004
2399,270,271,165,435,0.004
2400,270,272,165,436,0.007
2401,270,272,165,436,0.007
2402,0,272,165,436,0.000
2403,271,272,165,436,0.004
2404,271,272,165,436,0.004
2405,271,272,165,436,0.004
2406,270,272,165,436,0.007
2407,270,272,165,436,0.007
2408,270,273,165,437,0.011
2409,265,273,165,437,0.029
2410,265,273,165,437,0.029
2411,266,273,165,437,0.026
2412,269,273,165,437,0.015
2413,269,273,165,437,0.015
2414,270,273,165,437,0.011
2415,270,274,165,438,0.015
2416,270,274,165,438,0.015
2417,270,274,165,438,0.015
2418,270,274,165,438,0.015
2419,271,274,165,438,0.011
2420,271,274,165,438,0.011
2421,0,274,165,438,0.000
2422,0,274,165,438,0.000
2423,0,274,165,438,0.000
2424,0,274,165,438,0.000
2425,273,274,165,438,0.004
2426,273,274,165,438,0.004
2427,0,274,165,438,0.000
2428,0,274,165,438,0.000
2429,0,274,165,438,0.000
2430,273,274,165,438,0.004
2431,272,274,165,438,0.007
2432,272,274,165,438,0.007
2433,272,274,165,438,0.007
2434,272,274,165,438,0.007
2435,272,274,165,438,0.007
2436,272,274,165,438,0.007
2437,272,274,165,438,0.007
2438,0,274,165,438,0.000
2439,0,274,165,438,0.000
2440,0,274,165,438,0.000
2441,0,274,165,438,0.000
2442,272,274,165,438,0.007
2443,272,274,165,438,0.007
2444,272,274,165,438,0.007
2445,272,275,165,439,0.011
2446,273,275,165,439,0.007
2447,273,275,165,439,0.007
2448,273,275,165,439,0.007
2449,273,275,165,439,0.007
2450,273,275,165,439,0.007
2451,273,275,165,439,0.007
2452,0,275,165,439,0.000
2453,0,275,165,439,0.000
2454,0,275,165,439,0.000
2455,0,275,165,439,0.000
2456,0,275,165,439,0.000
2457,0,275,165,439,0.000
2458,0,275,165,439,0.000
2459,0,275,165,439,0.000
2460,0,275,165,439,0.000
2461,0,275,165,439,0.000
2462,0,275,165,439,0.000
2463,0,275,165,439,0.000
2464,0,275,165,439,0.000
2465,0,275,165,439,0.000
2466,0,275,165,439,0.000
2467,0,275,165,439,0.000
2468,0,275,165,439,0.000
2469,0,275,165,439,0.000
2470,0,275,165,439,0.000
2471,273,275,165,439,0.007
2472,273,275,165,439,0.007
2473,273,275,165,439,0.007
2474,273,275,165,439,0.007
2475,272,275,165,439,0.011
2476,272,275,165,439,0.011
2477,273,275,165,439,0.007
2478,0,275,165,439,0.000
2479,272,275,165,439,0.011
2480,272,275,165,439,0.011
2481,272,275,165,439,0.011
2482,272,275,165,439,0.011
2483,272,275,165,439,0.011
2484,271,275,165,439,0.015
2485,270,275,165,439,0.018
2486,270,275,165,439,0.018
2487,271,275,165,439,0.015
2488,260,275,165,439,0.055
2489,260,275,165,439,0.055
2490,260,275,165,439,0.055
2491,0,275,165,439,0.000
2492,0,275,165,439,0.000
2493,0,275,165,439,0.000
2494,0,275,165,439,0.000
2495,0,275,165,439,0.000
2496,273,275,165,439,0.007
2497,272,275,165,439,0.011
2498,271,276,165,440,0.018
2499,269,275,166,440,0.022
2500,269,275,166,440,0.022
2501,268,275,166,440,0.025
2502,268,275,166,440,0.025
2503,268,275,166,440,0.025
2504,268,275,166,440,0.025
2505,269,275,166,440,0.022
2506,271,275,166,440,0.015
2507,235,275,166,440,0.145
2508,234,275,166,440,0.149
2509,234,275,166,440,0.149
2510,233,274,167,440,0.150
2511,0,274,167,440,0.000
2512,271,274,167,440,0.011
2513,269,274,167,440,0.018
2514,267,274,167,440,0.026
2515,265,274,167,440,0.033
2516,265,274,167,440,0.033
2517,264,274,167,440,0.036
2518,262,274,167,440,0.044
2519,261,274,167,440,0.047
2520,261,274,167,440,0.047
2521,260,273,168,440,0.048
2522,259,273,168,440,0.051
2523,0,273,168,440,0.000
2524,0,273,168,440,0.000
2525,0,273,168,440,0.000
2526,0,273,168,440,0.000
2527,0,273,168,440,0.000
2528,0,273,168,440,0.000
2529,268,273,168,440,0.018
2530,268,273,168,440,0.018
2531,268,273,168,440,0.018
2532,266,272,169,440,0.022
2533,267,272,169,440,0.018
2534,267,272,169,440,0.018
2535,268,272,169,440,0.015
2536,268,272,169,440,0.015
2537,269,272,169,440,0.011
2538,269,272,169,440,0.011
2539,269,272,169,440,0.011
2540,268,272,169,440,0.015
2541,268,272,169,440,0.015
2542,268,272,169,440,0.015
2543,267,271,170,440,0.015
2544,267,271,170,440,0.015
2545,267,271,170,440,0.015
2546,267,271,170,440,0.015
2547,267,271,170,440,0.015
2548,267,271,170,440,0.015
2549,268,270,170,439,0.007
2550,268,270,170,439,0.007
2551,268,270,170,439,0.007
2552,268,270,170,439,0.007
2553,268,270,170,439,0.007
2554,266,269,171,439,0.011
2555,266,269,171,439,0.011
2556,265,269,171,439,0.015
2557,265,269,171,439,0.015
2558,265,269,171,439,0.015
2559,266,269,171,439,0.011
2560,267,269,171,439,0.007
2561,0,269,171,439,0.000
2562,0,269,171,439,0.000
2563,0,269,171,439,0.000
2564,0,269,171,439,0.000
2565,0,268,172,439,0.000
2566,0,268,172,439,0.000
2567,0,268,172,439,0.000
2568,0,268,172,439,0.000
2569,0,268,172,439,0.000
2570,0,268,172,439,0.000
2571,0,268,172,439,0.000
2572,0,268,172,439,0.000
2573,0,268,172,439,0.000
2574,0,268,172,439,0.000
2575,0,268,172,439,0.000
2576,0,268,172,439,0.000
2577,266,268,172,439,0.007
2578,264,268,172,439,0.015
2579,264,268,172,439,0.015
2580,263,268,172,439,0.019
2581,263,268,172,439,0.019
2582,263,268,172,439,0.019
2583,263,268,172,439,0.019
2584,262,268,172,439,0.022
2585,262,268,172,439,0.022
2586,262,268,172,439,0.022
2587,262,268,172,439,0.022
2588,262,268,172,439,0.022
2589,262,268,172,439,0.022
2590,262,268,172,439,0.022
2591,262,268,172,439,0.022
2592,262,268,172,439,0.022
2593,262,268,172,439,0.022
2594,262,268,172,439,0.022
2595,261,268,172,439,0.026
2596,261,268,172,439,0.026
2597,261,268,172,439,0.026
2598,261,267,172,438,0.022
2599,253,267,172,438,0.052
2600,253,267,172,438,0.052
2601,253,267,172,438,0.052
2602,253,267,172,438,0.052
2603,265,267,172,438,0.007
2604,265,267,172,438,0.007
2605,265,267,172,438,0.007
2606,265,267,172,438,0.007
2607,265,267,172,438,0.007
2608,265,267,172,438,0.007
2609,265,267,172,438,0.007
2610,265,267,172,438,0.007
2611,265,267,172,438,0.007
2612,261,267,172,438,0.022
2613,0,267,172,438,0.000
2614,0,267,172,438,0.000
2615,0,267,172,438,0.000
2616,0,267,172,438,0.000
2617,266,267,172,438,0.004
2618,266,267,172,438,0.004
2619,264,267,172,438,0.011
2620,264,267,172,438,0.011
2621,263,267,172,438,0.015
2622,263,267,172,438,0.015
2623,263,267,172,438,0.015
2624,263,267,172,438,0.015
2625,265,267,172,438,0.007
2626,265,268,172,439,0.011
2627,266,268,172,439,0.007
2628,0,268,172,439,0.000
2629,0,268,172,439,0.000
2630,0,268,172,439,0.000
2631,0,268,172,439,0.000
2632,0,268,172,439,0.000
2633,0,268,172,439,0.000
2634,0,268,172,439,0.000
2635,0,269,172,440,0.000
2636,0,269,172,440,0.000
2637,0,269,172,440,0.000
2638,0,269,172,440,0.000
2639,0,269,172,440,0.000
2640,0,269,172,440,0.000
2641,0,269,172,440,0.000
2642,0,269,172,440,0.000
2643,0,269,172,440,0.000
2644,269,270,172,441,0.004
2645,269,270,172,441,0.004
2646,269,270,172,441,0.004
2647,0,270,172,441,0.000
2648,0,270,172,441,0.000
2649,0,270,172,441,0.000
2650,266,270,172,441,0.015
2651,266,270,172,441,0.015
2652,266,269,173,441,0.011
2653,0,270,173,442,0.000
2654,0,270,173,442,0.000
2655,0,270,173,442,0.000
2656,0,270,173,442,0.000
2657,0,270,173,442,0.000
2658,0,270,173,442,0.000
2659,0,270,173,442,0.000
2660,0,270,173,442,0.000
2661,266,270,173,442,0.015
2662,266,271,173,443,0.018
2663,270,271,173,443,0.004
2664,269,271,173,443,0.007
2665,269,271,173,443,0.007
2666,0,271,173,443,0.000
2667,0,271,173,443,0.000
2668,0,271,173,443,0.000
2669,0,271,173,443,0.000
2670,0,271,173,443,0.000
2671,270,271,173,443,0.004
2672,0,271,173,443,0.000
2673,0,271,173,443,0.000
2674,0,271,173,443,0.000
2675,0,271,173,443,0.000
2676,270,271,173,443,0.004
2677,269,271,173,443,0.007
2678,269,271,173,443,0.007
2679,269,271,173,443,0.007
2680,269,271,173,443,0.007
2681,268,271,173,443,0.011
2682,268,271,173,443,0.011
2683,268,270,173,442,0.007
2684,268,270,173,442,0.007
2685,269,270,173,442,0.004
2686,269,270,173,442,0.004
2687,269,270,173,442,0.004
2688,269,270,173,442,0.004
2689,268,270,173,442,0.007
2690,268,270,173,442,0.007
2691,268,270,173,442,0.007
2692,268,270,173,442,0.007
2693,268,270,173,442,0.007
2694,268,270,173,442,0.007
2695,268,270,173,442,0.007
2696,268,270,173,442,0.007
2697,268,270,173,442,0.007
2698,269,270,173,442,0.004
2699,0,270,173,442,0.000
2700,0,270,173,442,0.000
2701,0,270,173,442,0.000
2702,0,270,173,442,0.000
2703,0,270,173,442,0.000
2704,0,270,173,442,0.000
2705,0,270,173,442,0.000
2706,265,271,173,443,0.022
2707,265,271,173,443,0.022
2708,268,271,173,443,0.011
2709,268,271,173,443,0.011
2710,0,271,173,443,0.000
2711,0,271,173,443,0.000
2712,0,271,173,443,0.000
2713,0,271,173,443,0.000
2714,269,271,173,443,0.007
2715,0,271,173,443,0.000
2716,0,271,173,443,0.000
2717,0,271,173,443,0.000
2718,0,271,173,443,0.000
2719,0,272,173,444,0.000
2720,0,272,173,444,0.000
2721,0,272,173,444,0.000
2722,0,272,173,444,0.000
2723,0,272,173,444,0.000
2724,0,272,173,444,0.000
2725,0,272,173,444,0.000
2726,0,272,173,444,0.000
2727,0,272,173,444,0.000
2728,0,272,173,444,0.000
2729,0,272,173,444,0.000
2730,0,273,173,445,0.000
2731,0,273,173,445,0.000
2732,0,273,173,445,0.000
2733,271,273,173,445,0.007
2734,0,273,173,445,0.000
2735,0,273,173,445,0.000
2736,0,273,173,445,0.000
2737,0,273,173,445,0.000
2738,0,273,173,445,0.000
2739,0,273,173,445,0.000
2740,0,273,173,445,0.000
2741,0,274,173,446,0.000
2742,0,274,173,446,0.000
2743,0,274,173,446,0.000
2744,0,274,173,446,0.000
2745,0,274,173,446,0.000
2746,0,274,173,446,0.000
2747,0,274,173,446,0.000
2748,0,274,173,446,0.000
2749,0,275,172,446,0.000
2750,0,275,172,446,0.000
2751,0,275,172,446,0.000
2752,0,275,172,446,0.000
2753,0,275,172,446,0.000
2754,0,275,172,446,0.000
2755,0,275,172,446,0.000
2756,0,274,172,445,0.000
2757,0,274,172,445,0.000
2758,0,274,172,445,0.000
2759,0,274,172,445,0.000
2760,0,274,172,445,0.000
2761,0,274,172,445,0.000
2762,0,274,172,445,0.000
2763,0,274,172,445,0.000
2764,0,274,172,445,0.000
2765,0,274,172,445,0.000
2766,0,274,172,445,0.000
2767,0,274,172,445,0.000
2768,0,274,172,445,0.000
2769,0,274,172,445,0.000
2770,0,274,172,445,0.000
2771,0,274,172,445,0.000
2772,0,274,172,445,0.000
2773,0,273,172,444,0.000
2774,0,273,172,444,0.000
2775,0,273,172,444,0.000
2776,0,273,172,444,0.000
2777,0,273,172,444,0.000
2778,0,273,172,444,0.000
2779,0,274,171,444,0.000
2780,0,274,171,444,0.000
2781,0,274,171,444,0.000
2782,0,274,171,444,0.000
2783,0,273,171,443,0.000
2784,0,273,171,443,0.000
2785,0,273,171,443,0.000
2786,0,272,171,442,0.000
2787,0,272,171,442,0.000
2788,0,272,171,442,0.000
2789,0,271,171,441,0.000
2790,0,271,171,441,0.000
2791,0,271,171,441,0.000
2792,269,270,171,440,0.004
2793,268,270,171,440,0.007
2794,268,270,171,440,0.007
2795,268,270,171,440,0.007
2796,268,270,171,440,0.007
2797,268,270,171,440,0.007
2798,0,270,171,440,0.000
2799,0,270,171,440,0.000
2800,0,270,171,440,0.000
2801,0,270,171,440,0.000
2802,0,270,171,440,0.000
2803,0,270,171,440,0.000
2804,0,270,171,440,0.000
2805,0,270,171,440,0.000
2806,0,270,171,440,0.000
2807,0,270,171,440,0.000
2808,0,271,170,440,0.000
2809,0,271,170,440,0.000
2810,0,271,170,440,0.000
2811,0,271,170,440,0.000
2812,0,271,170,440,0.000
2813,0,271,170,440,0.000
2814,0,271,170,440,0.000
2815,264,271,170,440,0.026
2816,264,271,170,440,0.026
2817,265,271,170,440,0.022
2818,0,271,170,440,0.000
2819,269,271,170,440,0.007
2820,269,271,170,440,0.007
2821,269,271,170,440,0.007
2822,269,271,170,440,0.007
2823,269,271,170,440,0.007
2824,269,271,170,440,0.007
2825,270,271,170,440,0.004
2826,0,271,170,440,0.000
2827,269,271,170,440,0.007
2828,232,270,171,440,0.141
2829,232,270,171,440,0.141
2830,230,270,171,440,0.148
2831,229,270,171,440,0.152
2832,229,270,171,440,0.152
2833,229,270,171,440,0.152
2834,229,270,171,440,0.152
2835,267,270,171,440,0.011
2836,267,270,171,440,0.011
2837,255,270,171,440,0.056
2838,228,269,172,440,0.152
2839,227,269,172,440,0.156
2840,227,269,172,440,0.156
2841,227,269,172,440,0.156
2842,253,269,172,440,0.059
2843,254,269,172,440,0.056
2844,255,269,172,440,0.052
2845,255,269,172,440,0.052
2846,256,269,172,440,0.048
2847,258,269,172,440,0.041
2848,258,268,173,440,0.037
2849,258,268,173,440,0.037
2850,259,268,173,440,0.034
2851,266,268,173,440,0.007
2852,265,268,173,440,0.011
2853,264,268,173,440,0.015
2854,264,268,173,440,0.015
2855,264,268,173,440,0.015
2856,265,268,173,440,0.011
2857,264,267,174,440,0.011
2858,266,267,174,440,0.004
2859,0,267,174,440,0.000
2860,0,267,174,440,0.000
2861,0,267,174,440,0.000
2862,0,267,174,440,0.000
2863,265,267,174,440,0.007
2864,265,267,174,440,0.007
2865,266,267,174,440,0.004
2866,266,267,174,440,0.004
2867,265,266,175,440,0.004
2868,265,266,175,440,0.004
2869,265,266,175,440,0.004
2870,265,266,175,440,0.004
2871,265,266,175,440,0.004
2872,265,266,175,440,0.004
2873,0,266,175,440,0.000
2874,0,266,175,440,0.000
2875,0,266,175,440,0.000
2876,0,266,175,440,0.000
2877,0,265,176,440,0.000
2878,0,266,176,441,0.000
2879,0,266,176,441,0.000
2880,0,266,176,441,0.000
2881,0,266,176,441,0.000
2882,264,266,176,441,0.008
2883,264,266,176,441,0.008
2884,264,266,176,441,0.008
2885,264,266,176,441,0.008
2886,264,266,176,441,0.008
2887,263,265,177,441,0.008
2888,263,265,177,441,0.008
2889,263,265,177,441,0.008
2890,263,266,177,442,0.011
2891,262,266,177,442,0.015
2892,262,266,177,442,0.015
2893,262,266,177,442,0.015
2894,262,266,177,442,0.015
2895,262,266,177,442,0.015
2896,262,266,177,442,0.015
2897,261,265,178,442,0.015
2898,261,265,178,442,0.015
2899,262,265,178,442,0.011
2900,263,265,178,442,0.008
2901,264,265,178,442,0.004
2902,264,266,178,443,0.008
2903,264,266,178,443,0.008
2904,264,266,178,443,0.008
2905,264,266,178,443,0.008
2906,0,265,179,443,0.000
2907,0,265,179,443,0.000
2908,0,265,179,443,0.000
2909,0,265,179,443,0.000
2910,0,265,179,443,0.000
2911,0,265,179,443,0.000
2912,0,265,179,443,0.000
2913,0,266,179,444,0.000
2914,0,266,179,444,0.000
2915,0,266,179,444,0.000
2916,0,265,180,444,0.000
2917,0,265,180,444,0.000
2918,0,265,180,444,0.000
2919,0,265,180,444,0.000
2920,0,265,180,444,0.000
2921,0,265,180,444,0.000
2922,263,265,180,444,0.008
2923,262,265,180,444,0.011
2924,262,265,180,444,0.011
2925,262,266,180,445,0.015
2926,261,265,181,445,0.015
2927,262,265,181,445,0.011
2928,262,265,181,445,0.011
2929,261,265,181,445,0.015
2930,260,265,181,445,0.019
2931,259,265,181,445,0.023
2932,259,265,181,445,0.023
2933,259,265,181,445,0.023
2934,260,265,181,445,0.019
2935,260,265,181,445,0.019
2936,261,265,181,445,0.015
2937,261,266,181,446,0.019
2938,261,266,181,446,0.019
2939,262,266,181,446,0.015
2940,263,266,181,446,0.011
2941,0,266,181,446,0.000
2942,0,266,181,446,0.000
2943,0,266,181,446,0.000
2944,0,266,181,446,0.000
2945,0,266,181,446,0.000
2946,263,266,181,446,0.011
2947,262,266,181,446,0.015
2948,262,266,181,446,0.015
2949,262,267,181,447,0.019
2950,262,267,181,447,0.019
2951,262,267,181,447,0.019
2952,263,267,181,447,0.015
2953,263,267,181,447,0.015
2954,262,267,181,447,0.019
2955,262,267,181,447,0.019
2956,263,267,181,447,0.015
2957,263,267,181,447,0.015
2958,264,267,181,447,0.011
2959,264,267,181,447,0.011
2960,264,267,181,447,0.011
2961,265,267,181,447,0.007
2962,265,267,181,447,0.007
2963,0,267,181,447,0.000
2964,0,267,181,447,0.000
2965,0,267,181,447,0.000
2966,0,267,181,447,0.000
2967,266,268,181,448,0.007
2968,266,268,181,448,0.007
2969,266,268,181,448,0.007
2970,265,268,181,448,0.011
2971,264,268,181,448,0.015
2972,263,268,181,448,0.019
2973,263,268,181,448,0.019
2974,263,268,181,448,0.019
2975,263,268,181,448,0.019
2976,263,268,181,448,0.019
2977,263,268,181,448,0.019
2978,264,268,181,448,0.015
2979,264,268,181,448,0.015
2980,264,268,181,448,0.015
2981,265,268,181,448,0.011
2982,266,268,181,448,0.007
2983,0,268,181,448,0.000
2984,0,268,181,448,0.000
2985,0,268,181,448,0.000
2986,0,268,181,448,0.000
2987,260,268,181,448,0.030
2988,260,268,181,448,0.030
2989,260,268,181,448,0.030
2990,267,269,181,449,0.007
2991,267,269,181,449,0.007
2992,257,269,181,449,0.045
2993,257,269,181,449,0.045
2994,257,269,181,449,0.045
2995,0,269,181,449,0.000
2996,0,269,181,449,0.000
2997,0,269,181,449,0.000
2998,0,269,181,449,0.000
2999,267,269,181,449,0.007
3000,267,269,181,449,0.007
3001,267,269,181,449,0.007
3002,267,269,181,449,0.007
3003,0,269,181,449,0.000
3004,0,267,182,448,0.000
3005,0,267,182,448,0.000
3006,0,267,182,448,0.000
3007,0,267,182,448,0.000
3008,0,266,182,447,0.000
3009,0,266,182,447,0.000
3010,264,266,182,447,0.008
3011,263,265,182,446,0.008
3012,262,265,182,446,0.011
3013,261,265,182,446,0.015
3014,250,265,182,446,0.057
3015,250,264,182,445,0.053
3016,253,264,182,445,0.042
3017,255,264,182,445,0.034
3018,256,264,182,445,0.030
3019,257,263,182,444,0.023
3020,258,263,182,444,0.019
3021,259,263,182,444,0.015
3022,259,262,182,443,0.011
3023,259,262,182,443,0.011
3024,258,262,182,443,0.015
3025,258,262,182,443,0.015
3026,257,261,182,442,0.015
3027,256,261,182,442,0.019
3028,256,261,182,442,0.019
3029,256,261,182,442,0.019
3030,256,261,182,442,0.019
3031,256,261,182,442,0.019
3032,257,261,182,442,0.015
3033,0,261,182,442,0.000
3034,0,261,182,442,0.000
3035,0,261,182,442,0.000
3036,0,261,182,442,0.000
3037,0,261,182,442,0.000
3038,0,261,182,442,0.000
3039,0,261,182,442,0.000
3040,0,260,182,441,0.000
3041,0,260,182,441,0.000
3042,0,260,182,441,0.000
3043,0,260,182,441,0.000
3044,0,260,182,441,0.000
3045,0,260,182,441,0.000
3046,0,260,182,441,0.000
3047,0,260,182,441,0.000
3048,0,260,182,441,0.000
3049,0,260,182,441,0.000
3050,0,260,182,441,0.000
3051,0,260,182,441,0.000
3052,0,260,182,441,0.000
3053,0,260,182,441,0.000
3054,0,260,182,441,0.000
3055,0,260,182,441,0.000
3056,0,260,182,441,0.000
3057,0,260,182,441,0.000
3058,0,260,182,441,0.000
3059,0,260,182,441,0.000
3060,0,260,182,441,0.000
3061,0,260,182,441,0.000
3062,0,260,182,441,0.000
3063,0,260,182,441,0.000
3064,0,259,182,440,0.000
3065,0,259,182,440,0.000
3066,0,259,182,440,0.000
3067,0,259,182,440,0.000
3068,0,259,182,440,0.000
3069,0,259,182,440,0.000
3070,0,259,182,440,0.000
3071,0,259,182,440,0.000
3072,0,259,182,440,0.000
3073,0,259,182,440,0.000
3074,0,259,182,440,0.000
3075,0,259,182,440,0.000
3076,0,259,182,440,0.000
3077,0,259,182,440,0.000
3078,0,259,182,440,0.000
3079,0,259,182,440,0.000
3080,0,259,182,440,0.000
3081,0,259,182,440,0.000
3082,0,259,182,440,0.000
3083,0,259,182,440,0.000
3084,0,259,182,440,0.000
3085,0,259,182,440,0.000
3086,0,259,182,440,0.000
3087,0,259,182,440,0.000
3088,256,259,182,440,0.012
3089,256,259,182,440,0.012
3090,256,259,182,440,0.012
3091,256,259,182,440,0.012
3092,256,259,182,440,0.012
3093,256,259,182,440,0.012
3094,256,259,182,440,0.012
3095,0,259,182,440,0.000
3096,0,259,182,440,0.000
3097,0,259,182,440,0.000
3098,0,259,182,440,0.000
3099,0,259,182,440,0.000
3100,0,259,182,440,0.000
3101,256,258,182,439,0.008
3102,255,258,182,439,0.012
3103,255,258,182,439,0.012
3104,255,258,182,439,0.012
3105,255,258,182,439,0.012
3106,0,258,182,439,0.000
3107,0,258,182,439,0.000
3108,0,258,182,439,0.000
3109,0,258,182,439,0.000
3110,0,258,182,439,0.000
3111,0,258,182,439,0.000
3112,0,258,182,439,0.000
3113,0,258,182,439,0.000
3114,0,258,182,439,0.000
3115,0,258,182,439,0.000
3116,0,258,182,439,0.000
3117,0,258,182,439,0.000
3118,0,258,182,439,0.000
3119,0,258,182,439,0.000
3120,0,258,182,439,0.000
3121,0,258,182,439,0.000
3122,0,258,182,439,0.000
3123,0,258,182,439,0.000
3124,0,258,182,439,0.000
3125,0,258,182,439,0.000
3126,0,258,182,439,0.000
3127,0,258,182,439,0.000
3128,0,258,182,439,0.000
3129,0,258,182,439,0.000
3130,0,258,182,439,0.000
3131,0,258,182,439,0.000
3132,0,258,182,439,0.000
3133,0,258,182,439,0.000
3134,0,258,182,439,0.000
3135,0,258,182,439,0.000
3136,0,258,182,439,0.000
3137,0,258,182,439,0.000
3138,0,258,182,439,0.000
3139,0,258,182,439,0.000
3140,0,258,182,439,0.000
3141,0,258,182,439,0.000
3142,0,258,182,439,0.000
3143,0,258,182,439,0.000
3144,0,258,182,439,0.000
3145,0,258,182,439,0.000
3146,0,258,182,439,0.000
3147,0,258,182,439,0.000
3148,0,258,182,439,0.000
3149,0,258,182,439,0.000
3150,0,258,182,439,0.000
3151,0,257,183,439,0.000
3152,0,256,183,438,0.000
3153,0,256,183,438,0.000
3154,0,256,183,438,0.000
3155,0,256,183,438,0.000
3156,0,256,183,438,0.000
3157,0,256,183,438,0.000
3158,0,256,183,438,0.000
3159,0,256,183,438,0.000
3160,0,256,183,438,0.000
3161,0,256,183,438,0.000
3162,0,256,183,438,0.000
3163,0,256,183,438,0.000
3164,0,256,183,438,0.000
3165,0,256,183,438,0.000
3166,0,256,183,438,0.000
3167,0,256,183,438,0.000
3168,254,256,183,438,0.008
3169,0,256,183,438,0.000
3170,0,256,183,438,0.000
3171,0,256,183,438,0.000
3172,0,256,183,438,0.000
3173,0,256,183,438,0.000
3174,0,256,183,438,0.000
3175,0,256,183,438,0.000
3176,0,256,183,438,0.000
3177,0,256,183,438,0.000
3178,0,256,183,438,0.000
3179,0,256,183,438,0.000
3180,0,256,183,438,0.000
3181,0,256,183,438,0.000
3182,0,256,183,438,0.000
3183,0,257,183,439,0.000
3184,0,257,183,439,0.000
3185,0,257,183,439,0.000
3186,0,257,183,439,0.000
3187,0,257,183,439,0.000
3188,0,257,183,439,0.000
3189,0,257,183,439,0.000
3190,0,257,183,439,0.000
3191,0,257,183,439,0.000
3192,0,257,183,439,0.000
3193,0,257,183,439,0.000
3194,0,257,183,439,0.000
3195,0,257,183,439,0.000
3196,0,258,183,440,0.000
3197,0,258,183,440,0.000
3198,0,258,183,440,0.000
3199,0,258,183,440,0.000
3200,0,258,183,440,0.000
3201,0,258,183,440,0.000
3202,0,258,183,440,0.000
3203,0,258,183,440,0.000
3204,0,258,183,440,0.000
3205,0,258,183,440,0.000
3206,0,258,183,440,0.000
3207,0,258,183,440,0.000
3208,0,258,183,440,0.000
3209,0,259,183,441,0.000
3210,0,259,183,441,0.000
3211,0,259,183,441,0.000
3212,0,259,183,441,0.000
3213,0,259,183,441,0.000
3214,0,259,183,441,0.000
3215,0,259,183,441,0.000
3216,0,259,183,441,0.000
3217,0,259,183,441,0.000
3218,0,259,183,441,0.000
3219,0,259,183,441,0.000
3220,0,259,183,441,0.000
3221,0,259,183,441,0.000
3222,0,260,183,442,0.000
3223,0,260,183,442,0.000
3224,0,260,183,442,0.000
3225,0,260,183,442,0.000
3226,0,260,183,442,0.000
3227,0,260,183,442,0.000
3228,0,260,183,442,0.000
3229,0,260,183,442,0.000
3230,0,260,183,442,0.000
3231,0,260,183,442,0.000
3232,0,260,183,442,0.000
3233,0,260,183,442,0.000
3234,0,260,183,442,0.000
3235,0,260,183,442,0.000
3236,0,260,183,442,0.000
3237,0,260,183,442,0.000
3238,0,260,183,442,0.000
3239,0,260,183,442,0.000
3240,0,260,183,442,0.000
3241,0,260,183,442,0.000
3242,0,260,183,442,0.000
3243,0,260,183,442,0.000
3244,0,260,183,442,0.000
3245,0,260,183,442,0.000
3246,0,260,183,442,0.000
3247,0,260,183,442,0.000
3248,0,261,182,442,0.000
3249,0,261,182,442,0.000
3250,0,261,182,442,0.000
3251,0,261,182,442,0.000
3252,0,261,182,442,0.000
3253,0,261,182,442,0.000
3254,0,261,182,442,0.000
3255,0,261,182,442,0.000
3256,0,261,182,442,0.000
3257,0,261,182,442,0.000
3258,0,261,182,442,0.000
3259,0,261,182,442,0.000
3260,0,261,182,442,0.000
3261,0,261,182,442,0.000
3262,0,261,182,442,0.000
3263,0,261,182,442,0.000
3264,0,261,182,442,0.000
3265,0,261,182,442,0.000
3266,0,261,182,442,0.000
3267,0,261,182,442,0.000
3268,0,261,182,442,0.000
3269,0,261,182,442,0.000
3270,0,261,182,442,0.000
3271,0,261,182,442,0.000
3272,0,261,182,442,0.000
3273,0,261,182,442,0.000
3274,0,261,182,442,0.000
3275,0,261,182,442,0.000
3276,0,261,182,442,0.000
3277,0,261,182,442,0.000
3278,0,261,182,442,0.000
3279,0,261,182,442,0.000
3280,0,261,182,442,0.000
3281,0,261,182,442,0.000
3282,0,261,182,442,0.000
3283,0,261,182,442,0.000
3284,0,261,182,442,0.000
3285,0,261,182,442,0.000
3286,0,261,182,442,0.000
3287,0,261,182,442,0.000
3288,0,260,182,441,0.000
3289,0,260,182,441,0.000
3290,0,260,182,441,0.000
3291,0,260,182,441,0.000
3292,0,260,182,441,0.000
3293,0,260,182,441,0.000
3294,0,261,181,441,0.000
3295,0,261,181,441,0.000
3296,0,261,181,441,0.000
3297,0,261,181,441,0.000
3298,0,261,181,441,0.000
3299,0,261,181,441,0.000
3300,0,261,181,441,0.000
3301,0,261,181,441,0.000
3302,0,261,181,441,0.000
3303,259,261,181,441,0.008
3304,259,261,181,441,0.008
3305,253,261,181,441,0.031
3306,253,261,181,441,0.031
3307,253,261,181,441,0.031
3308,254,261,181,441,0.027
3309,0,261,181,441,0.000
3310,0,261,181,441,0.000
3311,0,261,181,441,0.000
3312,0,261,181,441,0.000
3313,0,261,181,441,0.000
3314,0,261,181,441,0.000
3315,0,261,181,441,0.000
3316,0,261,181,441,0.000
3317,0,261,181,441,0.000
3318,0,261,181,441,0.000
3319,0,261,181,441,0.000
3320,260,261,181,441,0.004
3321,260,261,181,441,0.004
3322,0,261,181,441,0.000
3323,0,261,181,441,0.000
3324,0,261,181,441,0.000
3325,0,261,181,441,0.000
3326,0,261,181,441,0.000
3327,0,261,181,441,0.000
3328,0,261,181,441,0.000
3329,0,261,181,441,0.000
3330,0,261,181,441,0.000
3331,0,261,181,441,0.000
3332,0,261,181,441,0.000
3333,0,261,181,441,0.000
3334,0,261,181,441,0.000
3335,0,261,181,441,0.000
3336,0,261,181,441,0.000
3337,0,261,181,441,0.000
3338,0,261,181,441,0.000
3339,0,261,181,441,0.000
3340,0,262,180,441,0.000
3341,0,262,180,441,0.000
3342,0,262,180,441,0.000
3343,0,262,180,441,0.000
3344,0,262,180,441,0.000
3345,0,262,180,441,0.000
3346,0,262,180,441,0.000
3347,0,262,180,441,0.000
3348,0,262,180,441,0.000
3349,0,262,180,441,0.000
3350,0,262,180,441,0.000
3351,0,262,180,441,0.000
3352,0,262,180,441,0.000
3353,0,262,180,441,0.000
3354,0,262,180,441,0.000
3355,0,262,180,441,0.000
3356,0,262,180,441,0.000
3357,0,262,180,441,0.000
3358,0,262,180,441,0.000
3359,0,262,180,441,0.000
3360,0,262,180,441,0.000
3361,0,262,180,441,0.000
3362,0,262,180,441,0.000
3363,0,262,180,441,0.000
3364,0,262,180,441,0.000
3365,0,262,180,441,0.000
3366,0,262,180,441,0.000
3367,0,262,180,441,0.000
3368,0,262,180,441,0.000
3369,0,262,180,441,0.000
3370,0,262,180,441,0.000
3371,0,262,180,441,0.000
3372,0,262,180,441,0.000
3373,0,262,180,441,0.000
3374,0,262,180,441,0.000
3375,0,262,180,441,0.000
3376,0,262,180,441,0.000
3377,0,262,180,441,0.000
3378,0,262,180,441,0.000
3379,0,262,180,441,0.000
3380,0,262,180,441,0.000
3381,0,262,180,441,0.000
3382,0,262,180,441,0.000
3383,0,262,180,441,0.000
3384,0,262,180,441,0.000
3385,0,263,179,441,0.000
3386,0,263,179,441,0.000
3387,0,263,179,441,0.000
3388,0,263,179,441,0.000
3389,0,263,179,441,0.000
3390,0,263,179,441,0.000
3391,0,263,179,441,0.000
3392,0,263,179,441,0.000
3393,0,263,179,441,0.000
3394,0,263,179,441,0.000
3395,0,263,179,441,0.000
3396,0,263,179,441,0.000
3397,0,263,179,441,0.000
3398,0,263,179,441,0.000
3399,0,262,179,440,0.000
3400,0,262,179,440,0.000
3401,0,262,179,440,0.000
3402,0,262,179,440,0.000
3403,0,262,179,440,0.000
3404,0,262,179,440,0.000
3405,0,262,179,440,0.000
3406,0,262,179,440,0.000
3407,0,262,179,440,0.000
3408,0,262,179,440,0.000
3409,0,262,179,440,0.000
3410,0,262,179,440,0.000
3411,0,262,179,440,0.000
3412,261,262,179,440,0.004
3413,259,262,179,440,0.011
3414,0,262,179,440,0.000
3415,0,262,179,440,0.000
3416,0,262,179,440,0.000
3417,0,262,179,440,0.000
3418,0,262,179,440,0.000
3419,0,262,179,440,0.000
3420,0,262,179,440,0.000
3421,0,262,179,440,0.000
3422,0,262,179,440,0.000
3423,0,262,179,440,0.000
3424,0,262,179,440,0.000
3425,0,262,179,440,0.000
3426,0,262,179,440,0.000
3427,0,262,179,440,0.000
3428,0,262,179,440,0.000
3429,0,262,179,440,0.000
3430,0,262,179,440,0.000
3431,0,263,178,440,0.000
3432,0,263,178,440,0.000
3433,0,263,178,440,0.000
3434,0,263,178,440,0.000
3435,0,263,178,440,0.000
3436,0,263,178,440,0.000
3437,0,263,178,440,0.000
3438,259,263,178,440,0.015
3439,258,263,178,440,0.019
3440,256,263,178,440,0.027
3441,253,263,178,440,0.038
3442,252,263,178,440,0.042
3443,252,263,178,440,0.042
3444,0,263,178,440,0.000
3445,0,263,178,440,0.000
3446,0,263,178,440,0.000
3447,0,263,178,440,0.000
3448,0,263,178,440,0.000
3449,0,263,178,440,0.000
3450,0,263,178,440,0.000
3451,0,263,178,440,0.000
3452,0,263,178,440,0.000
3453,0,263,178,440,0.000
3454,0,263,178,440,0.000
3455,0,263,178,440,0.000
3456,0,263,178,440,0.000
3457,0,263,178,440,0.000
3458,0,263,178,440,0.000
3459,0,263,178,440,0.000
3460,0,263,178,440,0.000
3461,0,263,178,440,0.000
3462,0,263,178,440,0.000
3463,0,263,178,440,0.000
3464,259,263,178,440,0.015
3465,258,263,178,440,0.019
3466,257,263,178,440,0.023
3467,256,263,178,440,0.027
3468,256,263,178,440,0.027
3469,257,263,178,440,0.023
3470,0,263,178,440,0.000
3471,0,263,178,440,0.000
3472,0,263,178,440,0.000
3473,0,263,178,440,0.000
3474,0,263,178,440,0.000
3475,262,263,178,440,0.004
3476,262,263,178,440,0.004
3477,263,264,177,440,0.004
3478,263,264,177,440,0.004
3479,263,264,177,440,0.004
3480,263,264,177,440,0.004
3481,264,265,177,441,0.004
3482,263,265,177,441,0.008
3483,263,265,177,441,0.008
3484,263,265,177,441,0.008
3485,0,265,177,441,0.000
3486,0,265,177,441,0.000
3487,0,265,177,441,0.000
3488,0,266,177,442,0.000
3489,0,266,177,442,0.000
3490,0,266,177,442,0.000
3491,0,266,177,442,0.000
3492,0,266,177,442,0.000
3493,0,266,177,442,0.000
3494,0,266,177,442,0.000
3495,0,267,177,443,0.000
3496,0,267,177,443,0.000
3497,0,267,177,443,0.000
3498,0,267,177,443,0.000
3499,0,267,177,443,0.000
3500,0,267,177,443,0.000
3501,0,267,177,443,0.000
3502,0,268,177,444,0.000
3503,0,268,177,444,0.000
3504,0,268,177,444,0.000
3505,0,268,177,444,0.000
3506,0,268,177,444,0.000
3507,0,268,177,444,0.000
3508,0,268,177,444,0.000
3509,0,268,177,444,0.000
3510,268,269,177,445,0.004
3511,268,269,177,445,0.004
3512,267,268,178,445,0.004
3513,267,268,178,445,0.004
3514,0,268,178,445,0.000
3515,0,268,178,445,0.000
3516,0,268,178,445,0.000
3517,0,269,178,446,0.000
3518,0,269,178,446,0.000
3519,0,269,178,446,0.000
3520,0,269,178,446,0.000
3521,0,269,178,446,0.000
3522,0,269,178,446,0.000
3523,0,269,178,446,0.000
3524,0,270,178,447,0.000
3525,0,270,178,447,0.000
3526,0,270,178,447,0.000
3527,0,270,178,447,0.000
3528,0,270,178,447,0.000
3529,0,270,178,447,0.000
3530,0,270,178,447,0.000
3531,0,271,178,448,0.000
3532,0,271,178,448,0.000
3533,0,271,178,448,0.000
3534,0,271,178,448,0.000
3535,0,271,178,448,0.000
3536,0,270,179,448,0.000
3537,0,270,179,448,0.000
3538,0,270,179,448,0.000
3539,0,271,179,449,0.000
3540,0,271,179,449,0.000
3541,0,271,179,449,0.000
3542,0,271,179,449,0.000
3543,0,271,179,449,0.000
3544,0,271,179,449,0.000
3545,0,271,179,449,0.000
3546,0,272,179,450,0.000
3547,0,272,179,450,0.000
3548,0,272,179,450,0.000
3549,0,272,179,450,0.000
3550,0,272,179,450,0.000
3551,271,272,179,450,0.004
3552,271,272,179,450,0.004
3553,271,273,179,451,0.007
3554,271,273,179,451,0.007
3555,271,273,179,451,0.007
3556,271,273,179,451,0.007
3557,0,273,179,451,0.000
3558,0,273,179,451,0.000
3559,0,272,180,451,0.000
3560,0,272,180,451,0.000
3561,0,273,180,452,0.000
3562,272,273,180,452,0.004
3563,271,273,180,452,0.007
3564,271,273,180,452,0.007
3565,269,273,180,452,0.015
3566,268,273,180,452,0.018
3567,268,273,180,452,0.018
3568,269,274,180,453,0.018
3569,270,274,180,453,0.015
3570,270,274,180,453,0.015
3571,270,274,180,453,0.015
3572,261,274,180,453,0.047
3573,261,274,180,453,0.047
3574,261,274,180,453,0.047
3575,260,275,180,454,0.055
3576,261,275,180,454,0.051
3577,270,275,180,454,0.018
3578,271,275,180,454,0.015
3579,271,275,180,454,0.015
3580,271,275,180,454,0.015
3581,271,275,180,454,0.015
3582,271,276,180,455,0.018
3583,271,275,181,455,0.015
3584,273,275,181,455,0.007
3585,272,275,181,455,0.011
3586,272,275,181,455,0.011
3587,271,275,181,455,0.015
3588,271,275,181,455,0.015
3589,271,274,181,454,0.011
3590,271,274,181,454,0.011
3591,271,274,181,454,0.011
3592,271,274,181,454,0.011
3593,271,274,181,454,0.011
3594,270,273,181,453,0.011
3595,270,273,181,453,0.011
3596,270,273,181,453,0.011
3597,270,273,181,453,0.011
3598,271,273,181,453,0.007
3599,0,272,181,452,0.000
3600,0,272,181,452,0.000
3601,0,272,181,452,0.000
3602,0,272,181,452,0.000
3603,0,272,181,452,0.000
3604,0,271,181,451,0.000
3605,0,271,181,451,0.000
3606,0,271,181,451,0.000
3607,0,271,181,451,0.000
3608,0,271,181,451,0.000
3609,0,270,181,450,0.000
3610,0,270,181,450,0.000
3611,0,270,181,450,0.000
3612,0,270,181,450,0.000
3613,0,270,181,450,0.000
3614,0,269,181,449,0.000
3615,0,269,181,449,0.000
3616,0,269,181,449,0.000
3617,0,269,181,449,0.000
3618,0,269,181,449,0.000
3619,0,268,181,448,0.000
3620,0,268,181,448,0.000
3621,0,268,181,448,0.000
3622,0,268,181,448,0.000
3623,0,268,181,448,0.000
3624,0,267,181,447,0.000
3625,0,267,181,447,0.000
3626,0,267,181,447,0.000
3627,0,267,181,447,0.000
3628,0,267,181,447,0.000
3629,0,266,181,446,0.000
3630,0,266,181,446,0.000
3631,264,266,181,446,0.008
3632,264,266,181,446,0.008
3633,264,266,181,446,0.008
3634,264,265,181,445,0.004
3635,264,265,181,445,0.004
3636,263,265,181,445,0.008
3637,264,265,181,445,0.004
3638,264,265,181,445,0.004
3639,0,264,181,444,0.000
3640,0,264,181,444,0.000
3641,0,264,181,444,0.000
3642,263,264,181,444,0.004
3643,263,264,181,444,0.004
3644,0,263,181,443,0.000
3645,0,263,181,443,0.000
3646,0,263,181,443,0.000
3647,0,263,181,443,0.000
3648,0,263,181,443,0.000
3649,0,262,181,442,0.000
3650,0,262,181,442,0.000
3651,0,262,181,442,0.000
3652,0,262,181,442,0.000
3653,0,262,181,442,0.000
3654,0,261,181,441,0.000
3655,0,261,181,441,0.000
3656,0,261,181,441,0.000
3657,0,261,181,441,0.000
3658,0,261,181,441,0.000
3659,0,262,181,442,0.000
3660,0,262,181,442,0.000
3661,0,262,181,442,0.000
3662,0,262,181,442,0.000
3663,0,263,181,443,0.000
3664,0,263,181,443,0.000
3665,0,263,181,443,0.000
3666,0,263,181,443,0.000
3667,0,264,181,444,0.000
3668,0,264,181,444,0.000
3669,0,264,181,444,0.000
3670,0,264,181,444,0.000
3671,263,265,181,445,0.008
3672,263,265,181,445,0.008
3673,263,265,181,445,0.008
3674,264,265,181,445,0.004
3675,264,266,181,446,0.008
3676,264,266,181,446,0.008
3677,265,266,181,446,0.004
3678,264,266,181,446,0.008
3679,265,267,181,447,0.007
3680,265,267,181,447,0.007
3681,0,267,181,447,0.000
3682,0,267,181,447,0.000
3683,0,266,182,447,0.000
3684,0,267,182,448,0.000
3685,0,267,182,448,0.000
3686,0,267,182,448,0.000
3687,0,267,182,448,0.000
3688,0,268,182,449,0.000
3689,0,268,182,449,0.000
3690,0,268,182,449,0.000
3691,0,268,182,449,0.000
3692,268,269,182,450,0.004
3693,268,269,182,450,0.004
3694,267,269,182,450,0.007
3695,268,269,182,450,0.004
3696,268,270,182,451,0.007
3697,268,270,182,451,0.007
3698,268,270,182,451,0.007
3699,268,270,182,451,0.007
3700,268,271,182,452,0.011
3701,269,271,182,452,0.007
3702,270,271,182,452,0.004
3703,270,271,182,452,0.004
3704,270,272,182,453,0.007
3705,270,272,182,453,0.007
3706,270,272,182,453,0.007
3707,271,272,182,453,0.004
3708,271,272,182,453,0.004
3709,0,271,182,452,0.000
3710,0,271,182,452,0.000
3711,0,271,182,452,0.000
3712,0,271,182,452,0.000
3713,270,271,182,452,0.004
3714,0,270,182,451,0.000
3715,0,270,182,451,0.000
3716,0,270,182,451,0.000
3717,0,270,182,451,0.000
3718,0,270,182,451,0.000
3719,0,270,182,451,0.000
3720,0,269,182,450,0.000
3721,0,269,182,450,0.000
3722,0,269,182,450,0.000
3723,0,269,182,450,0.000
3724,0,269,182,450,0.000
3725,0,268,182,449,0.000
3726,0,268,182,449,0.000
3727,0,268,182,449,0.000
3728,0,268,182,449,0.000
3729,0,268,182,449,0.000
3730,0,268,182,449,0.000
3731,0,267,182,448,0.000
3732,0,267,182,448,0.000
3733,0,267,182,448,0.000
3734,0,267,182,448,0.000
3735,0,267,182,448,0.000
3736,0,266,182,447,0.000
3737,0,266,182,447,0.000
3738,0,266,182,447,0.000
3739,0,266,182,447,0.000
3740,0,266,182,447,0.000
3741,0,266,182,447,0.000
3742,0,266,182,447,0.000
3743,0,266,182,447,0.000
3744,0,266,182,447,0.000
3745,263,266,182,447,0.011
3746,0,266,182,447,0.000
3747,0,266,182,447,0.000
3748,0,266,182,447,0.000
3749,0,266,182,447,0.000
3750,0,266,182,447,0.000
3751,0,265,182,446,0.000
3752,0,265,182,446,0.000
3753,0,265,182,446,0.000
3754,0,265,182,446,0.000
3755,0,265,182,446,0.000
3756,0,265,182,446,0.000
3757,0,265,182,446,0.000
3758,0,265,182,446,0.000
3759,0,265,182,446,0.000
3760,0,265,182,446,0.000
3761,0,265,182,446,0.000
3762,0,265,182,446,0.000
3763,0,265,182,446,0.000
3764,0,265,182,446,0.000
3765,0,265,182,446,0.000
3766,0,265,182,446,0.000
3767,0,265,182,446,0.000
3768,0,265,182,446,0.000
3769,0,265,182,446,0.000
3770,0,265,182,446,0.000
3771,0,265,182,446,0.000
3772,0,265,182,446,0.000
3773,0,265,182,446,0.000
3774,0,265,182,446,0.000
3775,0,265,182,446,0.000
3776,0,264,182,445,0.000
3777,0,264,182,445,0.000
3778,0,264,182,445,0.000
3779,0,264,182,445,0.000
3780,0,264,182,445,0.000
3781,0,264,182,445,0.000
3782,0,264,182,445,0.000
3783,0,263,183,445,0.000
3784,0,263,183,445,0.000
3785,0,263,183,445,0.000
3786,0,263,183,445,0.000
3787,0,263,183,445,0.000
3788,0,263,183,445,0.000
3789,0,263,183,445,0.000
3790,0,263,183,445,0.000
3791,0,263,183,445,0.000
3792,0,263,183,445,0.000
3793,0,263,183,445,0.000
3794,0,263,183,445,0.000
3795,0,263,183,445,0.000
3796,0,263,183,445,0.000
3797,0,263,183,445,0.000
3798,0,262,184,445,0.000
3799,0,262,184,445,0.000
3800,0,262,184,445,0.000
3801,0,261,184,444,0.000
3802,0,261,184,444,0.000
3803,0,261,184,444,0.000
3804,0,261,184,444,0.000
3805,0,261,184,444,0.000
3806,0,261,184,444,0.000
3807,0,261,184,444,0.000
3808,0,262,183,444,0.000
3809,0,262,183,444,0.000
3810,0,262,183,444,0.000
3811,0,262,183,444,0.000
3812,0,262,183,444,0.000
3813,0,159,183,341,0.000
3814,0,0,0,0,NaN
